id,full_name,url,stars,forks,forked,commits,open_issue,closed_issue,collaborators
262236251,SR-Sunny-Raj/Hacktoberfest2021-DSA,https://api.github.com/repos/SR-Sunny-Raj/Hacktoberfest2021-DSA,242,1108,FALSE,2773,1,114,471
136202695,mlflow/mlflow,https://api.github.com/repos/mlflow/mlflow,11218,2485,FALSE,3780,885,1872,457
299900184,bhaveshlohana/HacktoberFest2020-Contributions,https://api.github.com/repos/bhaveshlohana/HacktoberFest2020-Contributions,189,1044,FALSE,2347,11,25,454
155220641,huggingface/transformers,https://api.github.com/repos/huggingface/transformers,57707,13641,FALSE,12204,411,10565,438
257648141,Adapter-Hub/adapter-transformers,https://api.github.com/repos/Adapter-Hub/adapter-transformers,655,106,FALSE,12569,53,224,428
93438176,ZoranPandovski/al-go-rithms,https://api.github.com/repos/ZoranPandovski/al-go-rithms,1144,1833,FALSE,7423,26,196,428
33015583,keras-team/keras,https://api.github.com/repos/keras-team/keras,53882,18986,FALSE,7804,279,11373,424
127184470,ambujraj/hacktoberfest2018,https://api.github.com/repos/ambujraj/hacktoberfest2018,140,1068,FALSE,2557,21,6,424
331769873,amzn/amazon-ray,https://api.github.com/repos/amzn/amazon-ray,34,15,FALSE,10637,10,0,420
401780066,girlscript/winter-of-contributing,https://api.github.com/repos/girlscript/winter-of-contributing,929,1658,FALSE,10156,1175,2923,416
129317474,tensorflow/docs,https://api.github.com/repos/tensorflow/docs,5070,4785,FALSE,10439,0,0,397
290981320,microsoft/fastformers,https://api.github.com/repos/microsoft/fastformers,618,36,FALSE,4324,0,18,394
70746484,apache/tvm,https://api.github.com/repos/apache/tvm,7664,2376,FALSE,10231,431,2432,391
151619717,google-research/google-research,https://api.github.com/repos/google-research/google-research,21768,5128,FALSE,3867,680,272,391
235856774,tensorflow/docs-l10n,https://api.github.com/repos/tensorflow/docs-l10n,429,508,FALSE,15888,0,0,390
349817814,tlc-pack/tenset,https://api.github.com/repos/tlc-pack/tenset,37,12,FALSE,5842,7,7,389
379411992,tlc-pack/relax,https://api.github.com/repos/tlc-pack/relax,59,16,FALSE,10428,45,70,388
412498607,sonumahajan/All_Program_helper,https://api.github.com/repos/sonumahajan/All_Program_helper,34,272,FALSE,1676,1,24,386
173249347,generalized-iou/g-tensorflow-models,https://api.github.com/repos/generalized-iou/g-tensorflow-models,76,19,FALSE,3176,4,1,382
156939672,microsoft/onnxruntime,https://api.github.com/repos/microsoft/onnxruntime,6197,1426,FALSE,8232,1315,2937,375
51117837,tensorflow/models,https://api.github.com/repos/tensorflow/models,72662,45437,FALSE,8865,1051,6023,374
291217084,microsoft/tensorflow-directml,https://api.github.com/repos/microsoft/tensorflow-directml,345,20,FALSE,63876,21,34,373
263748045,NVIDIA/tensorflow,https://api.github.com/repos/NVIDIA/tensorflow,337,58,FALSE,64194,26,40,371
441354843,alibaba/DeepRec,https://api.github.com/repos/alibaba/DeepRec,116,46,FALSE,65360,37,33,368
125344817,VLOGroup/tensorflow-icg,https://api.github.com/repos/VLOGroup/tensorflow-icg,17,10,FALSE,25960,0,3,362
108053674,tensorflow/probability,https://api.github.com/repos/tensorflow/probability,3583,963,FALSE,11817,546,714,359
133100880,kubeflow/pipelines,https://api.github.com/repos/kubeflow/pipelines,2676,1149,FALSE,4813,639,2560,334
123870315,tensorflow/tfjs,https://api.github.com/repos/tensorflow/tfjs,15942,1670,FALSE,5830,542,3200,322
147851824,aws-samples/eks-workshop,https://api.github.com/repos/aws-samples/eks-workshop,657,1007,FALSE,1031,114,281,301
264818686,ultralytics/yolov5,https://api.github.com/repos/ultralytics/yolov5,21813,7706,FALSE,2600,233,7415,294
42408083,dask/distributed,https://api.github.com/repos/dask/distributed,1295,586,FALSE,5187,1076,2101,290
300091001,bajajvinamr/HacktoberFest2020,https://api.github.com/repos/bajajvinamr/HacktoberFest2020,144,684,FALSE,1219,9,4,288
46374199,IntelRealSense/librealsense,https://api.github.com/repos/IntelRealSense/librealsense,5728,4085,FALSE,14382,293,8004,278
185701977,huaweicloud/ModelArts-Lab,https://api.github.com/repos/huaweicloud/ModelArts-Lab,891,867,FALSE,2536,60,111,276
292271265,SpooderManEXE/Hacktoberfest2020-Expert,https://api.github.com/repos/SpooderManEXE/Hacktoberfest2020-Expert,57,262,FALSE,1272,0,1,276
91379993,tensorflow/tensorboard,https://api.github.com/repos/tensorflow/tensorboard,5762,1472,FALSE,5371,567,1172,265
141200054,tensorflow/examples,https://api.github.com/repos/tensorflow/examples,5791,5986,FALSE,2115,0,0,254
261861733,keras-team/keras-io,https://api.github.com/repos/keras-team/keras-io,1355,1210,FALSE,1214,322,131,251
91730359,GoogleCloudPlatform/professional-services,https://api.github.com/repos/GoogleCloudPlatform/professional-services,1982,965,FALSE,1820,22,124,220
412813939,kokonior/Python-Projects,https://api.github.com/repos/kokonior/Python-Projects,19,137,FALSE,721,0,6,217
81887991,microsoft/AirSim,https://api.github.com/repos/microsoft/AirSim,12670,3587,FALSE,3560,574,2705,203
299019177,shivangdubey/HacktoberFest2020,https://api.github.com/repos/shivangdubey/HacktoberFest2020,36,304,FALSE,636,8,33,196
159249114,tensorflow/addons,https://api.github.com/repos/tensorflow/addons,1438,538,FALSE,1497,69,885,194
122299416,optuna/optuna,https://api.github.com/repos/optuna/optuna,5898,651,FALSE,15109,92,1276,192
301953275,BalajiG2000/Code_Dump,https://api.github.com/repos/BalajiG2000/Code_Dump,19,158,FALSE,664,0,2,190
212170850,vikumkbv/Hacktoberfest-2k19,https://api.github.com/repos/vikumkbv/Hacktoberfest-2k19,32,148,FALSE,637,7,2,176
56459948,GoogleCloudPlatform/training-data-analyst,https://api.github.com/repos/GoogleCloudPlatform/training-data-analyst,5793,4622,FALSE,7436,106,69,175
135673451,microsoft/nni,https://api.github.com/repos/microsoft/nni,10937,1551,FALSE,2905,257,1583,172
66823715,intel-analytics/BigDL,https://api.github.com/repos/intel-analytics/BigDL,3833,964,FALSE,19489,531,1136,165
211103525,InnovativeCoder/Innovative-Hacktober,https://api.github.com/repos/InnovativeCoder/Innovative-Hacktober,35,170,FALSE,866,0,4,162
74505259,slundberg/shap,https://api.github.com/repos/slundberg/shap,15357,2318,FALSE,2277,1533,629,160
114898943,SeldonIO/seldon-core,https://api.github.com/repos/SeldonIO/seldon-core,2900,630,FALSE,7235,53,2054,155
99846383,horovod/horovod,https://api.github.com/repos/horovod/horovod,12102,2005,FALSE,1300,334,1806,154
204086862,streamlit/streamlit,https://api.github.com/repos/streamlit/streamlit,17588,1583,FALSE,5300,591,2483,153
152056923,tkn-tub/ns3-gym,https://api.github.com/repos/tkn-tub/ns3-gym,302,144,FALSE,13849,35,33,150
43098215,deepchem/deepchem,https://api.github.com/repos/deepchem/deepchem,3409,1264,FALSE,8089,480,1060,150
300164847,vijaygupta18/Hacktober-2020,https://api.github.com/repos/vijaygupta18/Hacktober-2020,53,142,FALSE,648,0,3,149
267223745,oneapi-src/oneAPI-samples,https://api.github.com/repos/oneapi-src/oneAPI-samples,259,283,FALSE,1030,31,58,146
169116405,tensorflow/tfx,https://api.github.com/repos/tensorflow/tfx,1691,539,FALSE,4970,132,690,145
277549433,akshitagupta15june/Face-X,https://api.github.com/repos/akshitagupta15june/Face-X,141,217,FALSE,3511,37,438,144
212158024,atyant-yadav/Hacktoberfest2020,https://api.github.com/repos/atyant-yadav/Hacktoberfest2020,222,876,FALSE,430,4,13,133
379554918,iqiyi/xgboost-serving,https://api.github.com/repos/iqiyi/xgboost-serving,104,13,FALSE,4533,1,0,130
44996115,fasrc/User_Codes,https://api.github.com/repos/fasrc/User_Codes,34,12,FALSE,723,2,0,129
111340129,keras-team/autokeras,https://api.github.com/repos/keras-team/autokeras,8321,1349,FALSE,1378,114,754,128
136265021,albumentations-team/albumentations,https://api.github.com/repos/albumentations-team/albumentations,9613,1233,FALSE,773,330,413,124
9626741,Nuitka/Nuitka,https://api.github.com/repos/Nuitka/Nuitka,6374,359,FALSE,10583,235,1508,121
6942323,bgruening/galaxytools,https://api.github.com/repos/bgruening/galaxytools,95,174,FALSE,6290,99,103,120
95862535,apple/coremltools,https://api.github.com/repos/apple/coremltools,2537,397,FALSE,1021,191,918,120
157936206,tensorflow/agents,https://api.github.com/repos/tensorflow/agents,2175,595,FALSE,2191,155,452,116
300134298,sd2001/HacktoberFest2020,https://api.github.com/repos/sd2001/HacktoberFest2020,22,95,FALSE,486,0,2,114
50881110,aimacode/aima-python,https://api.github.com/repos/aimacode/aima-python,6229,2988,FALSE,1190,122,266,112
68254498,cleverhans-lab/cleverhans,https://api.github.com/repos/cleverhans-lab/cleverhans,5394,1347,FALSE,3203,25,422,110
76095264,autorope/donkeycar,https://api.github.com/repos/autorope/donkeycar,2210,1139,FALSE,2174,81,326,110
300406803,3NCRY9T3R/H4CKT0B3RF3ST-2020,https://api.github.com/repos/3NCRY9T3R/H4CKT0B3RF3ST-2020,60,121,FALSE,660,0,0,109
27452807,broadinstitute/gatk,https://api.github.com/repos/broadinstitute/gatk,1166,471,FALSE,4547,1107,3271,104
36804486,tqdm/tqdm,https://api.github.com/repos/tqdm/tqdm,21075,1073,FALSE,1928,328,561,104
265612440,coqui-ai/TTS,https://api.github.com/repos/coqui-ai/TTS,3850,348,FALSE,4214,19,488,103
234634164,aws/deep-learning-containers,https://api.github.com/repos/aws/deep-learning-containers,352,219,FALSE,1882,101,63,103
187248482,OSGeo/grass-addons,https://api.github.com/repos/OSGeo/grass-addons,59,97,FALSE,8337,47,109,100
161556784,tensorflow/federated,https://api.github.com/repos/tensorflow/federated,1750,425,FALSE,4596,62,288,100
90328920,intel-analytics/analytics-zoo,https://api.github.com/repos/intel-analytics/analytics-zoo,2466,712,FALSE,3442,407,854,99
371198718,GoogleCloudPlatform/vertex-ai-samples,https://api.github.com/repos/GoogleCloudPlatform/vertex-ai-samples,168,117,FALSE,1655,17,101,96
189305903,tensorflow/text,https://api.github.com/repos/tensorflow/text,887,180,FALSE,799,39,152,96
300509670,Aman22sharma/Hacktoberfest2021_beginner,https://api.github.com/repos/Aman22sharma/Hacktoberfest2021_beginner,106,320,FALSE,417,7,9,95
131881622,NVIDIA/DeepLearningExamples,https://api.github.com/repos/NVIDIA/DeepLearningExamples,7586,2149,FALSE,1387,171,544,93
147386085,udacity/deep-learning-v2-pytorch,https://api.github.com/repos/udacity/deep-learning-v2-pytorch,4494,4975,FALSE,386,7,145,93
125381318,Trusted-AI/adversarial-robustness-toolbox,https://api.github.com/repos/Trusted-AI/adversarial-robustness-toolbox,2766,770,FALSE,11174,90,669,91
149430917,microsoft/recommenders,https://api.github.com/repos/microsoft/recommenders,12149,2105,FALSE,8228,147,599,91
58882601,polyaxon/traceml,https://api.github.com/repos/polyaxon/traceml,434,211,FALSE,9847,6,7,90
281528773,intel/neural-compressor,https://api.github.com/repos/intel/neural-compressor,288,55,FALSE,2477,10,82,90
293648492,Learn-Write-Repeat/Open-contributions,https://api.github.com/repos/Learn-Write-Repeat/Open-contributions,48,455,FALSE,1456,27,9,89
119894375,kubeflow/examples,https://api.github.com/repos/kubeflow/examples,1111,605,FALSE,531,11,378,87
124910572,mozilla/bugbug,https://api.github.com/repos/mozilla/bugbug,379,233,FALSE,4959,248,616,83
114747226,deepfakes/faceswap,https://api.github.com/repos/deepfakes/faceswap,40256,11485,FALSE,1722,13,784,80
54110811,GDGAhmedabad/Awesome-Learning-Resources,https://api.github.com/repos/GDGAhmedabad/Awesome-Learning-Resources,615,343,FALSE,736,0,14,80
50527925,Vaa3D/vaa3d_tools,https://api.github.com/repos/Vaa3D/vaa3d_tools,66,62,FALSE,7952,8,1,79
135768037,NVIDIA/DALI,https://api.github.com/repos/NVIDIA/DALI,3692,477,FALSE,3015,219,1126,78
154412076,IntelAI/models,https://api.github.com/repos/IntelAI/models,336,140,FALSE,2528,24,30,78
253846879,determined-ai/determined,https://api.github.com/repos/determined-ai/determined,1620,201,FALSE,5113,23,233,77
292049260,Niketkumardheeryan/ML-CaPsule,https://api.github.com/repos/Niketkumardheeryan/ML-CaPsule,60,73,FALSE,853,109,207,77
200902575,ai-techsystems/internShowcase,https://api.github.com/repos/ai-techsystems/internShowcase,32,112,FALSE,360,0,0,77
125098252,onnx/tensorflow-onnx,https://api.github.com/repos/onnx/tensorflow-onnx,1336,308,FALSE,2739,97,800,76
85799683,christophM/interpretable-ml-book,https://api.github.com/repos/christophM/interpretable-ml-book,4003,848,FALSE,1934,27,151,75
100249425,fizyr/keras-retinanet,https://api.github.com/repos/fizyr/keras-retinanet,4263,1964,FALSE,1147,10,1255,75
167349656,FederatedAI/FATE,https://api.github.com/repos/FederatedAI/FATE,3912,1156,FALSE,11334,603,931,74
79821807,yandexdataschool/Practical_RL,https://api.github.com/repos/yandexdataschool/Practical_RL,4797,1463,FALSE,1347,37,147,72
155619942,tensorflow/model-optimization,https://api.github.com/repos/tensorflow/model-optimization,1193,268,FALSE,790,154,157,72
214003948,PennyLaneAI/qml,https://api.github.com/repos/PennyLaneAI/qml,280,84,FALSE,714,20,70,72
112676803,apple/turicreate,https://api.github.com/repos/apple/turicreate,10571,1120,FALSE,1571,493,1293,71
164554832,ageron/handson-ml2,https://api.github.com/repos/ageron/handson-ml2,19280,9460,FALSE,915,187,295,71
334167971,ashishsahu1/ML-ProjectYard,https://api.github.com/repos/ashishsahu1/ML-ProjectYard,88,114,FALSE,844,3,264,70
69576253,GoogleCloudPlatform/cloudml-samples,https://api.github.com/repos/GoogleCloudPlatform/cloudml-samples,1453,866,FALSE,1198,0,207,69
191126383,allegroai/clearml,https://api.github.com/repos/allegroai/clearml,2973,412,FALSE,2009,354,387,68
30907774,spmallick/learnopencv,https://api.github.com/repos/spmallick/learnopencv,15627,9850,FALSE,2143,197,86,67
71194771,pythonbrasil/talks,https://api.github.com/repos/pythonbrasil/talks,149,71,FALSE,272,26,11,67
83074537,freesurfer/freesurfer,https://api.github.com/repos/freesurfer/freesurfer,290,161,FALSE,31295,17,142,66
100464123,microsoft/MMdnn,https://api.github.com/repos/microsoft/MMdnn,5503,973,FALSE,1084,324,289,66
256401220,alexeygrigorev/mlbookcamp-code,https://api.github.com/repos/alexeygrigorev/mlbookcamp-code,1578,425,FALSE,615,82,64,66
123870583,tensorflow/tfjs-examples,https://api.github.com/repos/tensorflow/tfjs-examples,5547,1946,FALSE,740,0,0,65
125819750,StarKnowData/trainee,https://api.github.com/repos/StarKnowData/trainee,33,108,FALSE,568,6,0,65
78865098,udacity/deep-learning,https://api.github.com/repos/udacity/deep-learning,3806,4453,FALSE,406,1,80,65
24528468,vaexio/vaex,https://api.github.com/repos/vaexio/vaex,6895,535,FALSE,3607,381,767,64
372489086,prathimacode-hub/ML-ProjectKart,https://api.github.com/repos/prathimacode-hub/ML-ProjectKart,130,145,FALSE,2653,42,277,62
65924871,probml/pyprobml,https://api.github.com/repos/probml/pyprobml,4247,986,FALSE,2997,30,421,61
205706595,mlrun/mlrun,https://api.github.com/repos/mlrun/mlrun,560,117,FALSE,2905,57,159,59
35236880,AllenInstitute/AllenSDK,https://api.github.com/repos/AllenInstitute/AllenSDK,248,124,FALSE,6760,345,1269,58
145453331,JohnSnowLabs/spark-nlp-workshop,https://api.github.com/repos/JohnSnowLabs/spark-nlp-workshop,643,377,FALSE,3315,1,72,58
256170081,Samsung/ONE,https://api.github.com/repos/Samsung/ONE,228,94,FALSE,7488,343,1567,57
96946693,tensorflow/tpu,https://api.github.com/repos/tensorflow/tpu,4633,1659,FALSE,1261,253,204,56
145148726,Azure/MachineLearningNotebooks,https://api.github.com/repos/Azure/MachineLearningNotebooks,2838,2056,FALSE,1261,315,1052,55
184657328,NVIDIA/TensorRT,https://api.github.com/repos/NVIDIA/TensorRT,4829,1199,FALSE,453,188,2195,55
241095326,adap/flower,https://api.github.com/repos/adap/flower,729,185,FALSE,1060,146,171,54
172114524,rapidsai-community/notebooks-contrib,https://api.github.com/repos/rapidsai-community/notebooks-contrib,378,226,FALSE,1450,30,49,53
301480514,cscodershub/Hacktoberfest-2021,https://api.github.com/repos/cscodershub/Hacktoberfest-2021,50,119,FALSE,237,11,17,53
23809180,NUbots/NUbots,https://api.github.com/repos/NUbots/NUbots,28,12,FALSE,9412,62,59,52
168622088,IDAES/idaes-pse,https://api.github.com/repos/IDAES/idaes-pse,87,127,FALSE,9140,60,315,52
48593532,tensorpack/tensorpack,https://api.github.com/repos/tensorpack/tensorpack,6154,1827,FALSE,2940,7,1343,52
180455099,data-integration-toolkit/ditk,https://api.github.com/repos/data-integration-toolkit/ditk,18,74,FALSE,1238,0,0,52
346639494,openvinotoolkit/openvino_notebooks,https://api.github.com/repos/openvinotoolkit/openvino_notebooks,525,109,FALSE,511,16,119,52
119419202,wandb/examples,https://api.github.com/repos/wandb/examples,623,186,FALSE,811,0,76,51
272452525,huggingface/notebooks,https://api.github.com/repos/huggingface/notebooks,668,370,FALSE,535,73,30,51
300190262,apoorvdwi/Ds-Algo-HacktoberFest,https://api.github.com/repos/apoorvdwi/Ds-Algo-HacktoberFest,13,63,FALSE,212,2,1,51
196375756,kkech/UdacityOpenSource,https://api.github.com/repos/kkech/UdacityOpenSource,23,194,FALSE,165,0,0,51
40307735,flatironinstitute/CaImAn,https://api.github.com/repos/flatironinstitute/CaImAn,442,294,FALSE,3991,41,540,50
190658443,keras-team/keras-tuner,https://api.github.com/repos/keras-team/keras-tuner,2462,318,FALSE,996,185,251,50
162747292,tensorflow/privacy,https://api.github.com/repos/tensorflow/privacy,1543,347,FALSE,772,73,87,50
79976022,keras-team/keras-contrib,https://api.github.com/repos/keras-team/keras-contrib,1536,656,FALSE,579,155,87,50
138826968,XiaoMi/mace,https://api.github.com/repos/XiaoMi/mace,4564,789,FALSE,3344,51,617,49
100326126,plaidml/plaidml,https://api.github.com/repos/plaidml/plaidml,4327,405,FALSE,1987,275,322,49
126528713,tensorflow/model-analysis,https://api.github.com/repos/tensorflow/model-analysis,1138,243,FALSE,1293,19,51,49
186845829,MerkulovDaniil/optim,https://api.github.com/repos/MerkulovDaniil/optim,49,57,FALSE,875,2,0,49
85989537,idaholab/raven,https://api.github.com/repos/idaholab/raven,149,85,FALSE,10957,196,836,48
71305435,VertaAI/modeldb,https://api.github.com/repos/VertaAI/modeldb,1383,250,FALSE,3701,81,52,48
131730966,linuxacademy/googledataengineer,https://api.github.com/repos/linuxacademy/googledataengineer,46,55,FALSE,886,1,0,48
263687600,openvinotoolkit/nncf,https://api.github.com/repos/openvinotoolkit/nncf,395,99,FALSE,1230,23,212,47
45074604,dataiku/dataiku-contrib,https://api.github.com/repos/dataiku/dataiku-contrib,87,75,FALSE,947,21,45,47
135504777,keras-team/keras-preprocessing,https://api.github.com/repos/keras-team/keras-preprocessing,1008,448,FALSE,288,78,102,46
130270774,adoptium/aqa-test-tools,https://api.github.com/repos/adoptium/aqa-test-tools,19,52,FALSE,688,77,204,45
191811913,colearninglounge/co-learning-lounge,https://api.github.com/repos/colearninglounge/co-learning-lounge,488,251,FALSE,345,5,1,45
127351529,mlcommons/training,https://api.github.com/repos/mlcommons/training,1259,446,FALSE,290,16,239,44
263364731,mlco2/codecarbon,https://api.github.com/repos/mlco2/codecarbon,353,45,FALSE,1305,58,110,43
303680708,IEEESFIT1/OpenOctober,https://api.github.com/repos/IEEESFIT1/OpenOctober,27,51,FALSE,1203,5,380,43
215489464,PoCInnovation/Workshops,https://api.github.com/repos/PoCInnovation/Workshops,331,60,FALSE,1161,0,2,43
110072728,DeepBCI/Deep-BCI,https://api.github.com/repos/DeepBCI/Deep-BCI,222,150,FALSE,732,0,4,43
121410317,sdsc/sdsc-summer-institute-2018,https://api.github.com/repos/sdsc/sdsc-summer-institute-2018,11,50,FALSE,247,0,1,43
146165888,ultralytics/yolov3,https://api.github.com/repos/ultralytics/yolov3,8289,3068,FALSE,2672,11,1770,42
208313010,NVIDIA-Merlin/HugeCTR,https://api.github.com/repos/NVIDIA-Merlin/HugeCTR,563,131,FALSE,2607,11,286,42
118620583,mozilla/TTS,https://api.github.com/repos/mozilla/TTS,5596,901,FALSE,2184,6,533,42
257688216,quic/aimet,https://api.github.com/repos/quic/aimet,838,158,FALSE,1239,94,782,42
5844399,dpinney/omf,https://api.github.com/repos/dpinney/omf,90,58,FALSE,7505,0,357,40
108329371,fastmachinelearning/hls4ml,https://api.github.com/repos/fastmachinelearning/hls4ml,603,222,FALSE,1476,123,202,40
67353330,esokolov/ml-course-hse,https://api.github.com/repos/esokolov/ml-course-hse,1835,791,FALSE,826,14,83,40
151525500,sql-machine-learning/sqlflow,https://api.github.com/repos/sql-machine-learning/sqlflow,4440,660,FALSE,2222,246,778,39
252778465,NVIDIA-Merlin/NVTabular,https://api.github.com/repos/NVIDIA-Merlin/NVTabular,638,98,FALSE,1018,185,567,39
241987128,natethegreate/hent-AI,https://api.github.com/repos/natethegreate/hent-AI,1186,86,FALSE,489,16,9,39
261059191,airctic/icevision,https://api.github.com/repos/airctic/icevision,567,91,FALSE,1234,58,510,38
222554670,awslabs/sagemaker-debugger,https://api.github.com/repos/awslabs/sagemaker-debugger,117,55,FALSE,809,57,33,38
295559343,google-research/federated,https://api.github.com/repos/google-research/federated,278,98,FALSE,565,7,38,38
98541760,SmartDataAnalytics/MA-INF-4222-NLP-Lab,https://api.github.com/repos/SmartDataAnalytics/MA-INF-4222-NLP-Lab,15,43,FALSE,519,0,2,38
51863547,ageron/handson-ml,https://api.github.com/repos/ageron/handson-ml,23969,12649,FALSE,509,118,433,38
191797052,xulabs/aitom,https://api.github.com/repos/xulabs/aitom,76,66,FALSE,427,22,27,38
135559956,sentinel-hub/eo-learn,https://api.github.com/repos/sentinel-hub/eo-learn,843,257,FALSE,2205,10,139,37
105699750,yzhao062/pyod,https://api.github.com/repos/yzhao062/pyod,5224,1031,FALSE,1651,142,141,37
15688257,RoboJackets/roboracing-software,https://api.github.com/repos/RoboJackets/roboracing-software,68,55,FALSE,1346,29,182,37
320315156,Jayshah6699/datascience-mashup,https://api.github.com/repos/Jayshah6699/datascience-mashup,33,50,FALSE,1045,8,151,37
107595270,matterport/Mask_RCNN,https://api.github.com/repos/matterport/Mask_RCNN,21212,10486,FALSE,203,1814,831,37
76752632,fastai/courses,https://api.github.com/repos/fastai/courses,5265,2758,FALSE,172,28,51,37
320591199,neuralmagic/sparseml,https://api.github.com/repos/neuralmagic/sparseml,802,58,FALSE,1299,12,131,36
366098084,Ayush7614/Soomvaar,https://api.github.com/repos/Ayush7614/Soomvaar,38,52,FALSE,409,14,90,36
175458710,sdsc/sdsc-summer-institute-2019,https://api.github.com/repos/sdsc/sdsc-summer-institute-2019,18,43,FALSE,181,0,2,36
6604719,InsightSoftwareConsortium/ITKTubeTK,https://api.github.com/repos/InsightSoftwareConsortium/ITKTubeTK,24,52,FALSE,6608,3,4,35
24976755,hankcs/HanLP,https://api.github.com/repos/hankcs/HanLP,24932,6644,FALSE,1723,7,1353,35
204796113,tensorflow/neural-structured-learning,https://api.github.com/repos/tensorflow/neural-structured-learning,894,173,FALSE,554,1,67,35
72132009,ucbrise/clipper,https://api.github.com/repos/ucbrise/clipper,1310,271,FALSE,305,114,268,35
80643958,rstudio/keras,https://api.github.com/repos/rstudio/keras,729,264,FALSE,2730,96,936,34
123026206,lappis-unb/tais,https://api.github.com/repos/lappis-unb/tais,84,39,FALSE,1441,41,387,34
252701518,neurodata/ProgLearn,https://api.github.com/repos/neurodata/ProgLearn,31,41,FALSE,1434,46,223,34
64699999,LSSTC-DSFP/LSSTC-DSFP-Sessions,https://api.github.com/repos/LSSTC-DSFP/LSSTC-DSFP-Sessions,233,200,FALSE,1489,3,1,33
239201565,serengil/deepface,https://api.github.com/repos/serengil/deepface,3140,721,FALSE,990,3,625,33
168629464,MiracleYoung/You-are-Pythonista,https://api.github.com/repos/MiracleYoung/You-are-Pythonista,620,699,FALSE,685,0,2,33
106340034,microsoft/samples-for-ai,https://api.github.com/repos/microsoft/samples-for-ai,568,212,FALSE,437,9,6,33
81245484,google/eng-edu,https://api.github.com/repos/google/eng-edu,601,341,FALSE,245,0,0,33
239982831,whayoung27/AI-Burning-Day_Result,https://api.github.com/repos/whayoung27/AI-Burning-Day_Result,15,37,FALSE,184,0,0,33
50450433,udacity/machine-learning,https://api.github.com/repos/udacity/machine-learning,3635,6324,FALSE,449,0,85,32
62458409,keras-rl/keras-rl,https://api.github.com/repos/keras-rl/keras-rl,5200,1329,FALSE,308,7,227,32
215649623,Xilinx/Vitis-AI,https://api.github.com/repos/Xilinx/Vitis-AI,742,432,FALSE,1220,156,906,31
147919799,yandexdataschool/nlp_course,https://api.github.com/repos/yandexdataschool/nlp_course,7658,2143,FALSE,680,13,25,31
405300603,DSCVITBHOPAL/ML-Reserve,https://api.github.com/repos/DSCVITBHOPAL/ML-Reserve,13,27,FALSE,335,0,55,31
129366435,stellargraph/stellargraph,https://api.github.com/repos/stellargraph/stellargraph,2268,341,FALSE,2535,283,739,30
64573324,jeffheaton/t81_558_deep_learning,https://api.github.com/repos/jeffheaton/t81_558_deep_learning,4285,2331,FALSE,1001,1,114,30
268457903,scetx/datax,https://api.github.com/repos/scetx/datax,24,82,FALSE,420,0,1,30
157606202,tensorflow/tensorrt,https://api.github.com/repos/tensorflow/tensorrt,623,199,FALSE,376,102,90,30
277769049,garimasingh128/awesome-python-projects,https://api.github.com/repos/garimasingh128/awesome-python-projects,304,98,FALSE,258,27,16,30
130718031,ROCmSoftwarePlatform/AMDMIGraphX,https://api.github.com/repos/ROCmSoftwarePlatform/AMDMIGraphX,69,29,FALSE,4545,101,457,29
254755757,Palashio/libra,https://api.github.com/repos/Palashio/libra,1927,116,FALSE,1367,45,128,29
132923061,sshkhr/Practical_RL,https://api.github.com/repos/sshkhr/Practical_RL,40,23,FALSE,710,1,0,29
327949189,mindee/doctr,https://api.github.com/repos/mindee/doctr,586,90,FALSE,688,46,187,29
360551298,tensorflow/decision-forests,https://api.github.com/repos/tensorflow/decision-forests,393,47,FALSE,482,25,101,29
263921541,pclubiitk/model-zoo,https://api.github.com/repos/pclubiitk/model-zoo,35,37,FALSE,237,1,2,29
312144247,edualgo/Grokking-Machine-Learning,https://api.github.com/repos/edualgo/Grokking-Machine-Learning,36,44,FALSE,166,0,89,29
93728104,NTMC-Community/MatchZoo,https://api.github.com/repos/NTMC-Community/MatchZoo,3591,914,FALSE,1810,33,429,28
394994747,jina-ai/finetuner,https://api.github.com/repos/jina-ai/finetuner,412,23,FALSE,647,11,199,28
61117471,logicalclocks/hops-examples,https://api.github.com/repos/logicalclocks/hops-examples,102,53,FALSE,516,3,2,28
8028846,CellProfiler/CellProfiler-plugins,https://api.github.com/repos/CellProfiler/CellProfiler-plugins,41,34,FALSE,438,35,32,28
131646318,microsoft/EconML,https://api.github.com/repos/microsoft/EconML,1910,410,FALSE,384,262,184,28
23565243,numenta/htmresearch,https://api.github.com/repos/numenta/htmresearch,224,109,FALSE,5346,29,86,27
5502765,Sefaria/Sefaria-Data,https://api.github.com/repos/Sefaria/Sefaria-Data,64,55,FALSE,4494,3,2,27
126507129,Kaggle/learntools,https://api.github.com/repos/Kaggle/learntools,319,185,FALSE,2582,14,15,27
104001805,HealthRex/CDSS,https://api.github.com/repos/HealthRex/CDSS,64,27,FALSE,2249,84,263,27
162919890,neomatrix369/awesome-ai-ml-dl,https://api.github.com/repos/neomatrix369/awesome-ai-ml-dl,1007,294,FALSE,1304,3,9,27
240943599,GoogleCloudPlatform/mlops-on-gcp,https://api.github.com/repos/GoogleCloudPlatform/mlops-on-gcp,381,865,FALSE,779,24,3,27
162340939,onnx/sklearn-onnx,https://api.github.com/repos/onnx/sklearn-onnx,302,67,FALSE,541,55,286,27
272853727,huawei-noah/noah-research,https://api.github.com/repos/huawei-noah/noah-research,420,72,FALSE,372,37,54,27
211972484,tensorflow/fairness-indicators,https://api.github.com/repos/tensorflow/fairness-indicators,240,66,FALSE,311,5,9,27
325845103,Comet-AI/Comet.Box,https://api.github.com/repos/Comet-AI/Comet.Box,24,30,FALSE,291,28,53,27
262219112,Rishit-dagli/Python3-by-practice,https://api.github.com/repos/Rishit-dagli/Python3-by-practice,48,46,FALSE,268,0,4,27
89322668,ray-project/tutorial,https://api.github.com/repos/ray-project/tutorial,713,209,FALSE,131,24,35,27
103403966,kipoi/models,https://api.github.com/repos/kipoi/models,135,49,FALSE,1004,39,62,26
75081946,iitmcvg/Content,https://api.github.com/repos/iitmcvg/Content,30,40,FALSE,191,0,4,26
154747577,google-research/bert,https://api.github.com/repos/google-research/bert,30300,8510,FALSE,111,771,349,26
203558879,fetchai/agents-aea,https://api.github.com/repos/fetchai/agents-aea,110,34,FALSE,11311,53,786,25
101409977,STEllAR-GROUP/phylanx,https://api.github.com/repos/STEllAR-GROUP/phylanx,71,38,FALSE,3661,120,367,25
149458170,acconeer/acconeer-python-exploration,https://api.github.com/repos/acconeer/acconeer-python-exploration,108,43,FALSE,2307,0,115,25
112754789,sassoftware/python-dlpy,https://api.github.com/repos/sassoftware/python-dlpy,198,115,FALSE,1196,19,176,25
180164770,Aitslab/BioNLP,https://api.github.com/repos/Aitslab/BioNLP,33,12,FALSE,835,0,0,25
239587597,tensorflow/cloud,https://api.github.com/repos/tensorflow/cloud,322,69,FALSE,574,60,27,25
82187706,karlstroetmann/Artificial-Intelligence,https://api.github.com/repos/karlstroetmann/Artificial-Intelligence,21,27,FALSE,815,0,6,24
31243079,sigopt/sigopt-examples,https://api.github.com/repos/sigopt/sigopt-examples,193,62,FALSE,573,1,8,24
139064580,tensorflow/adanet,https://api.github.com/repos/tensorflow/adanet,3356,527,FALSE,440,64,49,24
118185525,big-data-lab-umbc/cybertraining,https://api.github.com/repos/big-data-lab-umbc/cybertraining,10,36,FALSE,432,0,0,24
301446732,secondmind-labs/trieste,https://api.github.com/repos/secondmind-labs/trieste,105,24,FALSE,426,79,97,24
210452618,Adlik/Adlik,https://api.github.com/repos/Adlik/Adlik,491,49,FALSE,403,23,156,24
217121692,mlrun/functions,https://api.github.com/repos/mlrun/functions,20,34,FALSE,1572,5,4,23
358017583,NVIDIA-Merlin/Transformers4Rec,https://api.github.com/repos/NVIDIA-Merlin/Transformers4Rec,439,37,FALSE,899,75,255,23
196340907,Trusted-AI/AIX360,https://api.github.com/repos/Trusted-AI/AIX360,1043,223,FALSE,433,42,29,23
107602547,instacart/lore,https://api.github.com/repos/instacart/lore,1537,128,FALSE,274,16,19,23
72647345,ECP-CANDLE/Benchmarks,https://api.github.com/repos/ECP-CANDLE/Benchmarks,44,75,FALSE,1552,22,7,22
42933477,p4-team/ctf,https://api.github.com/repos/p4-team/ctf,1522,272,FALSE,1198,1,11,22
305901775,TL-System/plato,https://api.github.com/repos/TL-System/plato,133,34,FALSE,1159,1,59,22
66606388,Azure/batch-shipyard,https://api.github.com/repos/Azure/batch-shipyard,258,113,FALSE,922,40,273,22
171541637,NTX-McGill/NeuroTechX-McGill-2019,https://api.github.com/repos/NTX-McGill/NeuroTechX-McGill-2019,57,24,FALSE,568,1,0,22
252069995,microsoft/nnfusion,https://api.github.com/repos/microsoft/nnfusion,614,89,FALSE,232,94,101,22
256451119,oap-project/raydp,https://api.github.com/repos/oap-project/raydp,148,33,FALSE,185,47,63,22
83335474,tiepvupsu/tiepvupsu.github.io,https://api.github.com/repos/tiepvupsu/tiepvupsu.github.io,548,505,FALSE,1696,3,4,21
164936937,IntelAI/nauta,https://api.github.com/repos/IntelAI/nauta,394,65,FALSE,1388,13,21,21
162656117,canonical/bundle-kubeflow,https://api.github.com/repos/canonical/bundle-kubeflow,39,20,FALSE,693,32,205,21
140302908,supervisely/supervisely,https://api.github.com/repos/supervisely/supervisely,371,64,FALSE,679,33,22,21
210882381,interpretml/interpret-community,https://api.github.com/repos/interpretml/interpret-community,314,71,FALSE,445,19,66,21
386716686,probml/probml-notebooks,https://api.github.com/repos/probml/probml-notebooks,109,24,FALSE,437,0,5,21
88892308,Azure/DataScienceVM,https://api.github.com/repos/Azure/DataScienceVM,159,101,FALSE,378,8,21,21
235738798,hse-ds/iad-applied-ds,https://api.github.com/repos/hse-ds/iad-applied-ds,34,26,FALSE,230,0,0,21
163183617,godloveliang/Programming-a-Real-Self-Driving-Car,https://api.github.com/repos/godloveliang/Programming-a-Real-Self-Driving-Car,19,10,FALSE,168,0,0,21
180872240,numenta/nupic.research,https://api.github.com/repos/numenta/nupic.research,71,38,FALSE,4745,5,6,20
50878370,lamastex/scalable-data-science,https://api.github.com/repos/lamastex/scalable-data-science,148,83,FALSE,2989,0,1,20
6472554,invesalius/invesalius3,https://api.github.com/repos/invesalius/invesalius3,387,164,FALSE,2915,77,160,20
166495086,BrikerMan/Kashgari,https://api.github.com/repos/BrikerMan/Kashgari,2250,429,FALSE,955,26,349,20
79584587,yahoo/TensorFlowOnSpark,https://api.github.com/repos/yahoo/TensorFlowOnSpark,3756,964,FALSE,631,10,355,20
52899913,mdbloice/Augmentor,https://api.github.com/repos/mdbloice/Augmentor,4620,840,FALSE,548,118,73,20
394772335,tensorflow/gnn,https://api.github.com/repos/tensorflow/gnn,558,44,FALSE,493,21,30,20
200931125,google/qkeras,https://api.github.com/repos/google/qkeras,357,71,FALSE,401,25,58,20
133702954,vanvalenlab/deepcell-tf,https://api.github.com/repos/vanvalenlab/deepcell-tf,223,53,FALSE,388,35,193,20
136415622,IBM/powerai,https://api.github.com/repos/IBM/powerai,56,53,FALSE,378,23,23,20
136919474,postech-di-lab/METIS,https://api.github.com/repos/postech-di-lab/METIS,54,53,FALSE,351,27,4,20
15226547,OpenDrift/opendrift,https://api.github.com/repos/OpenDrift/opendrift,135,79,FALSE,3853,58,260,19
227332007,nusdbsystem/singa-auto,https://api.github.com/repos/nusdbsystem/singa-auto,10,13,FALSE,1673,12,41,19
284096588,Xilinx/Vitis-In-Depth-Tutorial,https://api.github.com/repos/Xilinx/Vitis-In-Depth-Tutorial,107,64,FALSE,1381,2,14,19
149832847,arogozhnikov/einops,https://api.github.com/repos/arogozhnikov/einops,4273,172,FALSE,545,32,100,19
193652854,bytedance/byteps,https://api.github.com/repos/bytedance/byteps,3056,437,FALSE,432,100,161,19
34359697,google/earthengine-api,https://api.github.com/repos/google/earthengine-api,1758,790,FALSE,341,74,87,19
3694405,NVIDIA-developer-blog/code-samples,https://api.github.com/repos/NVIDIA-developer-blog/code-samples,914,555,FALSE,131,15,9,19
44517034,atmtools/typhon,https://api.github.com/repos/atmtools/typhon,43,32,FALSE,2108,11,46,18
75482295,riga/law,https://api.github.com/repos/riga/law,46,18,FALSE,1735,9,69,18
274077856,mindspore-ai/akg,https://api.github.com/repos/mindspore-ai/akg,146,27,FALSE,1345,6,3,18
96467284,kipoi/kipoi,https://api.github.com/repos/kipoi/kipoi,201,38,FALSE,1325,54,261,18
286167370,datawhalechina/fun-rec,https://api.github.com/repos/datawhalechina/fun-rec,1058,351,FALSE,489,3,35,18
213911062,raghusodani/jaldisubmitkaro,https://api.github.com/repos/raghusodani/jaldisubmitkaro,12,21,FALSE,316,0,0,18
100627890,tensorflow/workshops,https://api.github.com/repos/tensorflow/workshops,1459,714,FALSE,246,11,2,18
52094077,maxpumperla/hyperas,https://api.github.com/repos/maxpumperla/hyperas,2113,307,FALSE,213,94,159,18
249942759,GCGImdea/coronasurveys,https://api.github.com/repos/GCGImdea/coronasurveys,19,12,FALSE,15581,1,0,17
41671401,ChrisCummins/phd,https://api.github.com/repos/ChrisCummins/phd,157,33,FALSE,14702,24,49,17
82204883,uw-cmg/MAST-ML,https://api.github.com/repos/uw-cmg/MAST-ML,64,41,FALSE,3151,23,190,17
215496017,KonduitAI/konduit-serving,https://api.github.com/repos/KonduitAI/konduit-serving,45,13,FALSE,1071,113,102,17
148087939,apache/incubator-marvin,https://api.github.com/repos/apache/incubator-marvin,90,33,FALSE,585,0,0,17
126039059,Calamari-OCR/calamari,https://api.github.com/repos/Calamari-OCR/calamari,895,188,FALSE,441,53,203,17
365999954,PaddlePaddle/PaddleSleeve,https://api.github.com/repos/PaddlePaddle/PaddleSleeve,38,11,FALSE,418,1,3,17
60849305,nfmcclure/tensorflow_cookbook,https://api.github.com/repos/nfmcclure/tensorflow_cookbook,6000,2465,FALSE,409,18,81,17
136577122,microsoft/arcticseals,https://api.github.com/repos/microsoft/arcticseals,27,14,FALSE,347,11,4,17
55999339,UCBerkeleySETI/breakthrough,https://api.github.com/repos/UCBerkeleySETI/breakthrough,153,51,FALSE,211,1,0,17
206366193,interpretml/interpret-text,https://api.github.com/repos/interpretml/interpret-text,300,54,FALSE,146,36,17,17
178290396,fastestimator/fastestimator,https://api.github.com/repos/fastestimator/fastestimator,40,25,FALSE,3983,0,11,16
80089456,oracle/Skater,https://api.github.com/repos/oracle/Skater,1012,168,FALSE,1106,67,97,16
152386408,equinor/gordo,https://api.github.com/repos/equinor/gordo,23,19,FALSE,832,27,375,16
53220938,TadasBaltrusaitis/OpenFace,https://api.github.com/repos/TadasBaltrusaitis/OpenFace,5456,1672,FALSE,733,285,677,16
220690458,Tessellate-Imaging/monk_v1,https://api.github.com/repos/Tessellate-Imaging/monk_v1,493,204,FALSE,600,23,39,16
70155397,exasol/script-languages,https://api.github.com/repos/exasol/script-languages,12,14,FALSE,599,2,44,16
184557077,interpretml/DiCE,https://api.github.com/repos/interpretml/DiCE,766,108,FALSE,599,49,89,16
47042287,codebasics/py,https://api.github.com/repos/codebasics/py,4396,11419,FALSE,361,50,16,16
222467480,liuxinfengabc/cultivate,https://api.github.com/repos/liuxinfengabc/cultivate,54,123,FALSE,345,4,0,16
158587515,comet-ml/comet-examples,https://api.github.com/repos/comet-ml/comet-examples,91,44,FALSE,341,2,8,16
133859995,microsoft/MCW-Analyzing-text-with-Azure-Machine-Learning-and-Cognitive-Services,https://api.github.com/repos/microsoft/MCW-Analyzing-text-with-Azure-Machine-Learning-and-Cognitive-Services,75,89,FALSE,335,0,37,16
159734547,BorealisAI/advertorch,https://api.github.com/repos/BorealisAI/advertorch,997,168,FALSE,309,19,35,16
101887545,ilkarman/DeepLearningFrameworks,https://api.github.com/repos/ilkarman/DeepLearningFrameworks,1652,364,FALSE,282,6,30,16
389776420,bundesAPI/deutschland,https://api.github.com/repos/bundesAPI/deutschland,441,24,FALSE,234,17,21,16
306153230,IBM/watson-openscale-samples,https://api.github.com/repos/IBM/watson-openscale-samples,12,13,FALSE,229,2,0,16
394337539,NVIDIA/spark-rapids-examples,https://api.github.com/repos/NVIDIA/spark-rapids-examples,19,16,FALSE,221,17,52,16
209895143,faustomorales/keras-ocr,https://api.github.com/repos/faustomorales/keras-ocr,969,249,FALSE,204,76,110,16
167783484,scorelab/tensormap,https://api.github.com/repos/scorelab/tensormap,36,73,FALSE,183,56,22,16
301722703,cool-RR/marley,https://api.github.com/repos/cool-RR/marley,254,27,FALSE,145,10,9,16
169442310,amaiya/ktrain,https://api.github.com/repos/amaiya/ktrain,945,231,FALSE,2885,0,444,15
227367327,PINTO0309/PINTO_model_zoo,https://api.github.com/repos/PINTO0309/PINTO_model_zoo,1428,239,FALSE,2445,7,251,15
236185220,materialsvirtuallab/maml,https://api.github.com/repos/materialsvirtuallab/maml,150,35,FALSE,1380,5,53,15
114153539,albermax/innvestigate,https://api.github.com/repos/albermax/innvestigate,944,209,FALSE,1093,48,201,15
255711241,autogoal/autogoal,https://api.github.com/repos/autogoal/autogoal,151,48,FALSE,1059,20,52,15
154191812,SlicerIGT/aigt,https://api.github.com/repos/SlicerIGT/aigt,29,21,FALSE,637,5,12,15
346124279,pinecone-io/examples,https://api.github.com/repos/pinecone-io/examples,29,15,FALSE,458,4,2,15
162340677,onnx/keras-onnx,https://api.github.com/repos/onnx/keras-onnx,341,111,FALSE,423,102,177,15
97260971,JdeRobot/DetectionMetrics,https://api.github.com/repos/JdeRobot/DetectionMetrics,66,38,FALSE,411,35,88,15
124682643,stared/livelossplot,https://api.github.com/repos/stared/livelossplot,1156,140,FALSE,330,6,70,15
85625701,divamgupta/image-segmentation-keras,https://api.github.com/repos/divamgupta/image-segmentation-keras,2367,1003,FALSE,254,145,194,15
233918564,salesforce/ml4ir,https://api.github.com/repos/salesforce/ml4ir,64,22,FALSE,182,12,1,15
318321091,tequilahub/tequila-tutorials,https://api.github.com/repos/tequilahub/tequila-tutorials,21,20,FALSE,181,0,1,15
139618618,tensorflow/tcav,https://api.github.com/repos/tensorflow/tcav,506,126,FALSE,171,8,54,15
271928198,MicrosoftDocs/ml-basics,https://api.github.com/repos/MicrosoftDocs/ml-basics,1019,1054,FALSE,146,2,21,15
92971378,databricks/spark-deep-learning,https://api.github.com/repos/databricks/spark-deep-learning,1904,493,FALSE,138,78,27,15
98811076,RCIITG/Raman-TheVisionBot,https://api.github.com/repos/RCIITG/Raman-TheVisionBot,13,22,FALSE,125,0,2,15
141404914,knime/knime-deeplearning,https://api.github.com/repos/knime/knime-deeplearning,18,11,FALSE,1483,0,0,14
271800973,GoogleCloudPlatform/asl-ml-immersion,https://api.github.com/repos/GoogleCloudPlatform/asl-ml-immersion,19,57,FALSE,1258,9,22,14
248545840,learningOrchestra/mlToolKits,https://api.github.com/repos/learningOrchestra/mlToolKits,49,18,FALSE,1214,8,13,14
114906951,cornell-zhang/heterocl,https://api.github.com/repos/cornell-zhang/heterocl,204,64,FALSE,1112,83,132,14
59806725,LearnSphere/WorkflowComponents,https://api.github.com/repos/LearnSphere/WorkflowComponents,22,16,FALSE,1039,15,108,14
41762759,lukas/ml-class,https://api.github.com/repos/lukas/ml-class,1750,998,FALSE,643,6,27,14
230259830,dataloop-ai/AutoML,https://api.github.com/repos/dataloop-ai/AutoML,328,43,FALSE,633,0,6,14
137616563,MLBazaar/MLPrimitives,https://api.github.com/repos/MLBazaar/MLPrimitives,62,35,FALSE,621,30,119,14
246486004,smousavi05/EQTransformer,https://api.github.com/repos/smousavi05/EQTransformer,143,95,FALSE,547,14,93,14
188530455,SaturdaysAI/Projects,https://api.github.com/repos/SaturdaysAI/Projects,26,28,FALSE,532,0,0,14
19313806,scikit-multilearn/scikit-multilearn,https://api.github.com/repos/scikit-multilearn/scikit-multilearn,719,140,FALSE,490,90,95,14
145448471,HelioML/HelioML,https://api.github.com/repos/HelioML/HelioML,42,30,FALSE,462,13,17,14
125932201,OlafenwaMoses/ImageAI,https://api.github.com/repos/OlafenwaMoses/ImageAI,6815,1905,FALSE,371,272,436,14
152908652,tawnkramer/gym-donkeycar,https://api.github.com/repos/tawnkramer/gym-donkeycar,130,76,FALSE,238,0,0,14
291969036,datarobot-community/custom-models,https://api.github.com/repos/datarobot-community/custom-models,16,42,FALSE,196,4,0,14
96913967,eriklindernoren/Keras-GAN,https://api.github.com/repos/eriklindernoren/Keras-GAN,8550,3047,FALSE,185,122,100,14
91284550,studioml/studio,https://api.github.com/repos/studioml/studio,374,52,FALSE,2410,57,195,13
118431205,wwu-mmll/photonai,https://api.github.com/repos/wwu-mmll/photonai,55,10,FALSE,1695,4,4,13
141242285,PreferredAI/cornac,https://api.github.com/repos/PreferredAI/cornac,525,85,FALSE,1236,9,108,13
65155092,ClimbsRocks/auto_ml,https://api.github.com/repos/ClimbsRocks/auto_ml,1562,305,FALSE,1149,179,216,13
219559345,JdeRobot/BehaviorMetrics,https://api.github.com/repos/JdeRobot/BehaviorMetrics,32,21,FALSE,1136,37,254,13
184316081,CosmiQ/solaris,https://api.github.com/repos/CosmiQ/solaris,342,96,FALSE,922,92,153,13
62352963,kundajelab/tfmodisco,https://api.github.com/repos/kundajelab/tfmodisco,65,21,FALSE,824,14,14,13
193276319,ai-techsystems/deepC,https://api.github.com/repos/ai-techsystems/deepC,345,59,FALSE,815,25,19,13
231085044,Tessellate-Imaging/Monk_Object_Detection,https://api.github.com/repos/Tessellate-Imaging/Monk_Object_Detection,515,220,FALSE,772,25,38,13
239971181,HenriquesLab/ZeroCostDL4Mic,https://api.github.com/repos/HenriquesLab/ZeroCostDL4Mic,304,64,FALSE,719,33,125,13
68285870,yandexdataschool/Practical_DL,https://api.github.com/repos/yandexdataschool/Practical_DL,1121,516,FALSE,462,9,9,13
130670507,TrickyGo/Dive-into-DL-TensorFlow2.0,https://api.github.com/repos/TrickyGo/Dive-into-DL-TensorFlow2.0,3405,793,FALSE,369,20,35,13
156569703,nutanix/karbon-platform-services,https://api.github.com/repos/nutanix/karbon-platform-services,20,29,FALSE,330,1,1,13
123977530,dmbee/seglearn,https://api.github.com/repos/dmbee/seglearn,485,52,FALSE,283,5,24,13
92632374,appeler/ethnicolr,https://api.github.com/repos/appeler/ethnicolr,176,56,FALSE,231,0,41,13
241845020,smaranjitghose/DeepPixel,https://api.github.com/repos/smaranjitghose/DeepPixel,21,36,FALSE,227,2,22,13
136181543,qubvel/segmentation_models,https://api.github.com/repos/qubvel/segmentation_models,3670,866,FALSE,205,235,264,13
68866120,farizrahman4u/recurrentshop,https://api.github.com/repos/farizrahman4u/recurrentshop,762,225,FALSE,190,41,41,13
193117233,gmalivenko/onnx2keras,https://api.github.com/repos/gmalivenko/onnx2keras,145,81,FALSE,164,91,25,13
44731840,lablup/backend.ai-kernels,https://api.github.com/repos/lablup/backend.ai-kernels,25,12,FALSE,3557,20,85,12
68256277,TeamHG-Memex/eli5,https://api.github.com/repos/TeamHG-Memex/eli5,2495,318,FALSE,1198,144,112,12
138786192,stardist/stardist,https://api.github.com/repos/stardist/stardist,368,114,FALSE,842,32,156,12
74182569,deepgram/kur,https://api.github.com/repos/deepgram/kur,812,109,FALSE,584,16,63,12
202993277,david8862/keras-YOLOv3-model-set,https://api.github.com/repos/david8862/keras-YOLOv3-model-set,562,193,FALSE,548,125,111,12
29749635,donnemartin/data-science-ipython-notebooks,https://api.github.com/repos/donnemartin/data-science-ipython-notebooks,22395,6958,FALSE,543,13,22,12
157565932,eth-sri/eran,https://api.github.com/repos/eth-sri/eran,240,83,FALSE,495,10,84,12
5518536,profjsb/python-seminar,https://api.github.com/repos/profjsb/python-seminar,308,149,FALSE,397,1,2,12
143987419,advboxes/AdvBox,https://api.github.com/repos/advboxes/AdvBox,1201,247,FALSE,378,7,31,12
235809577,gradsflow/chitra,https://api.github.com/repos/gradsflow/chitra,176,34,FALSE,367,0,35,12
213035548,ChineseGLUE/ChineseGLUE,https://api.github.com/repos/ChineseGLUE/ChineseGLUE,1558,231,FALSE,365,18,17,12
70280616,clulab/releases,https://api.github.com/repos/clulab/releases,24,10,FALSE,326,1,3,12
207460987,microsoft/HealthyCountryAI,https://api.github.com/repos/microsoft/HealthyCountryAI,40,18,FALSE,303,23,5,12
76757094,Azure/China-Data-Solutions,https://api.github.com/repos/Azure/China-Data-Solutions,32,22,FALSE,257,1,1,12
287811847,Harvard-IACS/2020-CS109A,https://api.github.com/repos/Harvard-IACS/2020-CS109A,68,84,FALSE,239,0,1,12
268641449,mlcommons/tiny,https://api.github.com/repos/mlcommons/tiny,161,39,FALSE,200,9,13,12
109047248,kbardool/Keras-frcnn,https://api.github.com/repos/kbardool/Keras-frcnn,347,289,FALSE,160,80,26,12
110296682,Azure/ai-toolkit-iot-edge,https://api.github.com/repos/Azure/ai-toolkit-iot-edge,176,96,FALSE,109,13,1,12
63240796,ThomasYeoLab/CBIG,https://api.github.com/repos/ThomasYeoLab/CBIG,310,257,FALSE,104,7,37,12
155895908,thunil/mantaflow,https://api.github.com/repos/thunil/mantaflow,55,32,FALSE,1184,6,1,11
249303697,laike9m/Cyberbrain,https://api.github.com/repos/laike9m/Cyberbrain,2034,114,FALSE,653,36,65,11
110697473,modAL-python/modAL,https://api.github.com/repos/modAL-python/modAL,1582,236,FALSE,648,76,54,11
147503822,criteo/tf-yarn,https://api.github.com/repos/criteo/tf-yarn,82,25,FALSE,513,8,31,11
171490796,lmoroney/dlaicourse,https://api.github.com/repos/lmoroney/dlaicourse,5414,5510,FALSE,406,52,18,11
33114259,ottogroup/palladium,https://api.github.com/repos/ottogroup/palladium,480,56,FALSE,358,3,11,11
60218942,kundajelab/dragonn,https://api.github.com/repos/kundajelab/dragonn,239,70,FALSE,347,15,16,11
248248599,BIMCV-CSUSP/BIMCV-COVID-19,https://api.github.com/repos/BIMCV-CSUSP/BIMCV-COVID-19,105,30,FALSE,309,6,9,11
261773048,A3Data/hermione,https://api.github.com/repos/A3Data/hermione,180,36,FALSE,238,0,10,11
273549260,IBM/federated-learning-lib,https://api.github.com/repos/IBM/federated-learning-lib,267,81,FALSE,175,20,36,11
239829858,kiteco/python-youtube-code,https://api.github.com/repos/kiteco/python-youtube-code,225,442,FALSE,159,17,2,11
416910373,RSNA/AI-Deep-Learning-Lab-2021,https://api.github.com/repos/RSNA/AI-Deep-Learning-Lab-2021,42,26,FALSE,150,1,0,11
172436179,intel-analytics/zoo-tutorials,https://api.github.com/repos/intel-analytics/zoo-tutorials,21,17,FALSE,118,2,2,11
93413270,google/patents-public-data,https://api.github.com/repos/google/patents-public-data,320,122,FALSE,110,20,17,11
37615400,kristinbranson/APT,https://api.github.com/repos/kristinbranson/APT,57,10,FALSE,3474,152,249,10
281076856,MLReef/mlreef,https://api.github.com/repos/MLReef/mlreef,1361,319,FALSE,2877,0,9,10
38223600,openvax/mhcflurry,https://api.github.com/repos/openvax/mhcflurry,131,43,FALSE,1638,8,117,10
84505424,adalca/neurite,https://api.github.com/repos/adalca/neurite,242,46,FALSE,749,10,4,10
260499197,nasa/delta,https://api.github.com/repos/nasa/delta,141,46,FALSE,724,2,32,10
69674683,transcranial/keras-js,https://api.github.com/repos/transcranial/keras-js,4861,523,FALSE,621,70,45,10
95608664,ceccocats/tkDNN,https://api.github.com/repos/ceccocats/tkDNN,624,188,FALSE,607,37,234,10
60138482,kundajelab/deeplift,https://api.github.com/repos/kundajelab/deeplift,606,142,FALSE,553,38,49,10
39610055,ethen8181/machine-learning,https://api.github.com/repos/ethen8181/machine-learning,1939,484,FALSE,481,0,4,10
333285618,MIDS-scaling-up/v3,https://api.github.com/repos/MIDS-scaling-up/v3,27,30,FALSE,465,5,1,10
394089041,spiceai/spiceai,https://api.github.com/repos/spiceai/spiceai,703,28,FALSE,381,34,161,10
315747164,wandb/edu,https://api.github.com/repos/wandb/edu,63,14,FALSE,333,14,47,10
95491035,Hironsan/anago,https://api.github.com/repos/Hironsan/anago,1429,374,FALSE,298,37,72,10
103655196,AICommunityInno/Seminars,https://api.github.com/repos/AICommunityInno/Seminars,62,45,FALSE,259,2,1,10
248347348,lindawangg/COVID-Net,https://api.github.com/repos/lindawangg/COVID-Net,1076,463,FALSE,228,34,103,10
275910898,petuum/autodist,https://api.github.com/repos/petuum/autodist,119,22,FALSE,208,11,1,10
254741570,adriangb/scikeras,https://api.github.com/repos/adriangb/scikeras,90,17,FALSE,203,28,90,10
196285151,aws-samples/eks-workshop-greater-china,https://api.github.com/repos/aws-samples/eks-workshop-greater-china,121,90,FALSE,171,10,12,10
142100489,tech-srl/code2vec,https://api.github.com/repos/tech-srl/code2vec,831,228,FALSE,161,21,127,10
153201352,google-research/language,https://api.github.com/repos/google-research/language,1133,269,FALSE,140,65,40,10
42763344,apache/madlib-site,https://api.github.com/repos/apache/madlib-site,79,49,FALSE,132,0,0,10
216993861,ML-AI-Community/ml-ai,https://api.github.com/repos/ML-AI-Community/ml-ai,32,25,FALSE,124,1,0,10
127043727,tbd-ai/tbd-suite,https://api.github.com/repos/tbd-ai/tbd-suite,46,13,FALSE,120,0,1,10
151050847,PacktPublishing/Hands-On-Computer-Vision-with-TensorFlow-2,https://api.github.com/repos/PacktPublishing/Hands-On-Computer-Vision-with-TensorFlow-2,298,237,FALSE,103,1,12,10
109618587,analysiscenter/radio,https://api.github.com/repos/analysiscenter/radio,207,51,FALSE,2488,20,26,9
173964224,federicoparroni/recsys2019,https://api.github.com/repos/federicoparroni/recsys2019,27,14,FALSE,1709,0,0,9
322113101,IQTLabs/SkyScan,https://api.github.com/repos/IQTLabs/SkyScan,206,15,FALSE,1284,2,5,9
138826167,MIDS-scaling-up/v2,https://api.github.com/repos/MIDS-scaling-up/v2,74,111,FALSE,1199,13,5,9
76386735,UWDIRECT/UWDIRECT.github.io,https://api.github.com/repos/UWDIRECT/UWDIRECT.github.io,12,29,FALSE,1186,3,3,9
21620870,dsilvestro/PyRate,https://api.github.com/repos/dsilvestro/PyRate,44,23,FALSE,984,3,7,9
64289132,NeuromorphicProcessorProject/snn_toolbox,https://api.github.com/repos/NeuromorphicProcessorProject/snn_toolbox,244,92,FALSE,659,4,113,9
167412097,kubeflow-kale/kale,https://api.github.com/repos/kubeflow-kale/kale,480,93,FALSE,644,87,77,9
198628357,sktime/sktime-dl,https://api.github.com/repos/sktime/sktime-dl,515,70,FALSE,492,18,30,9
91534719,philipperemy/keract,https://api.github.com/repos/philipperemy/keract,960,185,FALSE,401,2,86,9
293719013,datamllab/tods,https://api.github.com/repos/datamllab/tods,521,75,FALSE,303,53,12,9
67670269,YerevaNN/mimic3-benchmarks,https://api.github.com/repos/YerevaNN/mimic3-benchmarks,545,257,FALSE,254,36,76,9
337705016,fcakyon/yolov5-pip,https://api.github.com/repos/fcakyon/yolov5-pip,115,19,FALSE,235,0,0,9
83119431,apachecn/AiLearning,https://api.github.com/repos/apachecn/AiLearning,32639,10734,FALSE,232,3,103,9
192590355,microsoft/MCW-ML-Ops,https://api.github.com/repos/microsoft/MCW-ML-Ops,130,123,FALSE,217,0,44,9
254032994,zilliztech/phantoscope,https://api.github.com/repos/zilliztech/phantoscope,142,42,FALSE,208,8,52,9
76486613,keunwoochoi/kapre,https://api.github.com/repos/keunwoochoi/kapre,801,140,FALSE,195,13,82,9
237941374,Aye-saac/aye-saac,https://api.github.com/repos/Aye-saac/aye-saac,16,15,FALSE,168,14,7,9
257968757,CoronaWhy/task-ts,https://api.github.com/repos/CoronaWhy/task-ts,15,15,FALSE,165,18,16,9
119457511,farizrahman4u/eywa,https://api.github.com/repos/farizrahman4u/eywa,27,15,FALSE,164,2,1,9
246982908,PacktWorkshops/The-TensorFlow-Workshop,https://api.github.com/repos/PacktWorkshops/The-TensorFlow-Workshop,16,18,FALSE,158,0,1,9
159427040,anki/vector-python-sdk,https://api.github.com/repos/anki/vector-python-sdk,501,328,FALSE,156,21,12,9
166622408,GantMan/nsfw_model,https://api.github.com/repos/GantMan/nsfw_model,864,172,FALSE,129,33,71,9
117273446,polyaxon/polyaxon-examples,https://api.github.com/repos/polyaxon/polyaxon-examples,61,23,FALSE,128,0,0,9
89018492,broadinstitute/keras-resnet,https://api.github.com/repos/broadinstitute/keras-resnet,278,124,FALSE,124,27,14,9
74129517,shadow-robot/smart_grasping_sandbox,https://api.github.com/repos/shadow-robot/smart_grasping_sandbox,67,29,FALSE,103,5,9,9
29800084,selective-inference/Python-software,https://api.github.com/repos/selective-inference/Python-software,47,29,FALSE,2956,4,3,8
204388414,bojone/bert4keras,https://api.github.com/repos/bojone/bert4keras,4091,794,FALSE,1912,158,317,8
71849748,totalgood/nlpia,https://api.github.com/repos/totalgood/nlpia,499,214,FALSE,1045,14,15,8
63896496,ijmarshall/robotreviewer,https://api.github.com/repos/ijmarshall/robotreviewer,90,46,FALSE,632,14,23,8
144551119,beringresearch/ivis,https://api.github.com/repos/beringresearch/ivis,255,27,FALSE,623,3,56,8
176913197,drowe67/LPCNet,https://api.github.com/repos/drowe67/LPCNet,55,17,FALSE,480,3,14,8
154141900,pmservice/ai-openscale-tutorials,https://api.github.com/repos/pmservice/ai-openscale-tutorials,17,57,FALSE,386,3,2,8
362533229,CLUEbenchmark/FewCLUE,https://api.github.com/repos/CLUEbenchmark/FewCLUE,251,36,FALSE,302,9,5,8
214744918,PracticalDL/Practical-Deep-Learning-Book,https://api.github.com/repos/PracticalDL/Practical-Deep-Learning-Book,520,219,FALSE,256,10,37,8
168924171,uctb/UCTB,https://api.github.com/repos/uctb/UCTB,26,10,FALSE,240,0,10,8
73519205,raghakot/keras-vis,https://api.github.com/repos/raghakot/keras-vis,2912,640,FALSE,195,113,101,8
114566317,automl/HpBandSter,https://api.github.com/repos/automl/HpBandSter,518,108,FALSE,188,54,35,8
200918764,HumanCompatibleAI/human_aware_rl,https://api.github.com/repos/HumanCompatibleAI/human_aware_rl,59,19,FALSE,181,1,16,8
232291791,PacktWorkshops/The-Deep-Learning-Workshop,https://api.github.com/repos/PacktWorkshops/The-Deep-Learning-Workshop,21,31,FALSE,166,0,0,8
75532543,sachinruk/deepschool.io,https://api.github.com/repos/sachinruk/deepschool.io,1782,527,FALSE,163,6,5,8
198530422,multi-commander/Multi-Commander,https://api.github.com/repos/multi-commander/Multi-Commander,67,17,FALSE,135,3,7,8
135882314,6-Billionaires/trading-agent,https://api.github.com/repos/6-Billionaires/trading-agent,36,18,FALSE,125,0,0,8
190982189,nilmtk/nilmtk-contrib,https://api.github.com/repos/nilmtk/nilmtk-contrib,65,39,FALSE,119,28,29,8
118638675,JdeRobot/ObjectDetector,https://api.github.com/repos/JdeRobot/ObjectDetector,14,14,FALSE,110,5,21,8
223491631,aws-samples/aws-deepcomposer-samples,https://api.github.com/repos/aws-samples/aws-deepcomposer-samples,323,251,FALSE,108,7,2,8
159568339,dreadl0ck/netcap,https://api.github.com/repos/dreadl0ck/netcap,1529,137,FALSE,1637,2,15,7
112975045,TheCacophonyProject/classifier-pipeline,https://api.github.com/repos/TheCacophonyProject/classifier-pipeline,16,14,FALSE,1429,16,11,7
144964647,nginyc/rafiki,https://api.github.com/repos/nginyc/rafiki,29,23,FALSE,1065,38,66,7
292161065,AprendizajeProfundo/Diplomado,https://api.github.com/repos/AprendizajeProfundo/Diplomado,61,187,FALSE,1049,0,1,7
257801423,cap-ntu/ML-Model-CI,https://api.github.com/repos/cap-ntu/ML-Model-CI,156,27,FALSE,843,26,91,7
129931530,IntelAI/unet,https://api.github.com/repos/IntelAI/unet,205,96,FALSE,794,3,22,7
124822342,huseinzol05/malaya,https://api.github.com/repos/huseinzol05/malaya,296,102,FALSE,721,2,106,7
306702552,sisinflab/elliot,https://api.github.com/repos/sisinflab/elliot,159,28,FALSE,624,10,8,7
131621053,TrustAI/DeepConcolic,https://api.github.com/repos/TrustAI/DeepConcolic,97,39,FALSE,618,4,9,7
225423507,samsinai/FLEXS,https://api.github.com/repos/samsinai/FLEXS,82,10,FALSE,505,1,6,7
295811273,cognizant-ai-labs/covid-xprize,https://api.github.com/repos/cognizant-ai-labs/covid-xprize,36,68,FALSE,470,0,82,7
151165530,microsoft/SparseSC,https://api.github.com/repos/microsoft/SparseSC,38,18,FALSE,438,16,17,7
191442873,spoonsso/dannce,https://api.github.com/repos/spoonsso/dannce,102,18,FALSE,421,15,92,7
110393657,cloudxlab/ml,https://api.github.com/repos/cloudxlab/ml,215,366,FALSE,409,3,0,7
163487352,lsds/KungFu,https://api.github.com/repos/lsds/KungFu,254,45,FALSE,383,3,41,7
77059425,theislab/dca,https://api.github.com/repos/theislab/dca,191,60,FALSE,380,23,28,7
79966460,chicago-justice-project/article-tagging,https://api.github.com/repos/chicago-justice-project/article-tagging,41,23,FALSE,347,12,37,7
241174650,HelmchenLabSoftware/Cascade,https://api.github.com/repos/HelmchenLabSoftware/Cascade,49,14,FALSE,337,5,23,7
89311508,ucloud/uai-sdk,https://api.github.com/repos/ucloud/uai-sdk,33,27,FALSE,334,0,3,7
153459506,marl/openl3,https://api.github.com/repos/marl/openl3,266,42,FALSE,333,23,40,7
225545436,datawhalechina/competition-baseline,https://api.github.com/repos/datawhalechina/competition-baseline,2605,795,FALSE,315,0,18,7
57920937,KordingLab/spykes,https://api.github.com/repos/KordingLab/spykes,88,33,FALSE,299,10,47,7
136420067,xulabs/projects,https://api.github.com/repos/xulabs/projects,33,11,FALSE,275,3,2,7
198694912,MrGiovanni/ModelsGenesis,https://api.github.com/repos/MrGiovanni/ModelsGenesis,521,123,FALSE,264,24,30,7
124870610,fizyr/keras-maskrcnn,https://api.github.com/repos/fizyr/keras-maskrcnn,397,131,FALSE,196,24,68,7
282013769,phuselab/pyVHR,https://api.github.com/repos/phuselab/pyVHR,143,50,FALSE,182,4,54,7
188627468,ARBML/ARBML,https://api.github.com/repos/ARBML/ARBML,211,29,FALSE,154,9,13,7
69671772,tomography/xlearn,https://api.github.com/repos/tomography/xlearn,34,34,FALSE,148,1,8,7
83661355,NLeSC/mcfly-tutorial,https://api.github.com/repos/NLeSC/mcfly-tutorial,64,36,FALSE,141,8,34,7
130369068,KDD-OpenSource/DeepADoTS,https://api.github.com/repos/KDD-OpenSource/DeepADoTS,418,93,FALSE,135,10,70,7
226030962,PacktWorkshops/The-Deep-Learning-with-Keras-Workshop,https://api.github.com/repos/PacktWorkshops/The-Deep-Learning-with-Keras-Workshop,36,79,FALSE,133,0,0,7
279468507,PurdueDualityLab/TensorFlowModels,https://api.github.com/repos/PurdueDualityLab/TensorFlowModels,29,12,FALSE,2903,2,2,6
64230020,hcmlab/nova,https://api.github.com/repos/hcmlab/nova,131,28,FALSE,1561,16,46,6
103808346,tykimos/tykimos.github.io,https://api.github.com/repos/tykimos/tykimos.github.io,17,17,FALSE,1133,0,0,6
159555286,CalculatedContent/WeightWatcher,https://api.github.com/repos/CalculatedContent/WeightWatcher,579,67,FALSE,933,40,103,6
227199576,pmusau17/Platooning-F1Tenth,https://api.github.com/repos/pmusau17/Platooning-F1Tenth,18,15,FALSE,909,0,0,6
414875535,tianmiantech/WeFe,https://api.github.com/repos/tianmiantech/WeFe,63,14,FALSE,839,4,6,6
142691808,921kiyo/3d-dl,https://api.github.com/repos/921kiyo/3d-dl,37,14,FALSE,833,2,1,6
7830673,clulab/timenorm,https://api.github.com/repos/clulab/timenorm,33,10,FALSE,515,7,17,6
175305311,INK-USC/AlpacaTag,https://api.github.com/repos/INK-USC/AlpacaTag,122,19,FALSE,376,14,3,6
275100993,PacktPublishing/Tensorflow-2-Reinforcement-Learning-Cookbook,https://api.github.com/repos/PacktPublishing/Tensorflow-2-Reinforcement-Learning-Cookbook,85,52,FALSE,329,1,17,6
159797814,MorvanZhou/NLP-Tutorials,https://api.github.com/repos/MorvanZhou/NLP-Tutorials,608,235,FALSE,321,3,11,6
257203487,gkaissis/PriMIA,https://api.github.com/repos/gkaissis/PriMIA,99,17,FALSE,299,0,21,6
143249816,alibaba/ai-matrix,https://api.github.com/repos/alibaba/ai-matrix,165,73,FALSE,299,10,4,6
248690852,DataCanvasIO/DeepTables,https://api.github.com/repos/DataCanvasIO/DeepTables,387,189,FALSE,291,20,27,6
194144428,IBM/depiction,https://api.github.com/repos/IBM/depiction,38,21,FALSE,285,5,24,6
605695,0xfe/experiments,https://api.github.com/repos/0xfe/experiments,125,60,FALSE,267,0,0,6
216106727,ARM-software/mango,https://api.github.com/repos/ARM-software/mango,116,25,FALSE,267,3,26,6
190687137,rasbt/python-machine-learning-book-3rd-edition,https://api.github.com/repos/rasbt/python-machine-learning-book-3rd-edition,2993,1312,FALSE,234,19,63,6
112314853,microsoft/deep_bait,https://api.github.com/repos/microsoft/deep_bait,24,16,FALSE,233,3,3,6
179134782,zesch/lang-tech-teaching-public,https://api.github.com/repos/zesch/lang-tech-teaching-public,14,54,FALSE,201,0,0,6
332884230,devfmx/master-data-ai,https://api.github.com/repos/devfmx/master-data-ai,14,24,FALSE,183,67,16,6
162141645,Merck/deepbgc,https://api.github.com/repos/Merck/deepbgc,54,20,FALSE,161,21,31,6
81460066,oarriaga/face_classification,https://api.github.com/repos/oarriaga/face_classification,5180,1563,FALSE,147,43,79,6
162616795,TsotsosLab/SMILER,https://api.github.com/repos/TsotsosLab/SMILER,35,15,FALSE,142,16,17,6
153859755,CyberZHG/keras-bert,https://api.github.com/repos/CyberZHG/keras-bert,2281,504,FALSE,142,0,201,6
268494868,cloudxlab/iitr-deep-learning-spl-tf2,https://api.github.com/repos/cloudxlab/iitr-deep-learning-spl-tf2,22,41,FALSE,140,0,0,6
302535554,tinyMLx/colabs,https://api.github.com/repos/tinyMLx/colabs,65,67,FALSE,139,0,1,6
248271633,neptune-ai/neptune-examples,https://api.github.com/repos/neptune-ai/neptune-examples,22,13,FALSE,139,0,5,6
259007295,Humboldt-WI/adams,https://api.github.com/repos/Humboldt-WI/adams,20,37,FALSE,105,0,0,6
19508919,ahastudio/CodingLife,https://api.github.com/repos/ahastudio/CodingLife,57,30,FALSE,1196,0,1,5
72968591,PPPLDeepLearning/plasma-python,https://api.github.com/repos/PPPLDeepLearning/plasma-python,71,38,FALSE,1115,20,10,5
317930627,aiqc/AIQC,https://api.github.com/repos/aiqc/AIQC,57,16,FALSE,1034,21,34,5
98348844,SummaLabs/DLS,https://api.github.com/repos/SummaLabs/DLS,30,19,FALSE,776,3,1,5
269934921,HealthML/self-supervised-3d-tasks,https://api.github.com/repos/HealthML/self-supervised-3d-tasks,121,26,FALSE,510,1,26,5
199943153,negrinho/deep_architect,https://api.github.com/repos/negrinho/deep_architect,116,13,FALSE,492,3,4,5
125326602,PacktPublishing/Advanced-Deep-Learning-with-Keras,https://api.github.com/repos/PacktPublishing/Advanced-Deep-Learning-with-Keras,1202,730,FALSE,451,2,17,5
52792286,zhentaoshi/Econ5121A,https://api.github.com/repos/zhentaoshi/Econ5121A,47,42,FALSE,448,0,1,5
93969677,hyperdashio/hyperdash-sdk-py,https://api.github.com/repos/hyperdashio/hyperdash-sdk-py,194,25,FALSE,430,29,23,5
223835896,NLP-kr/tensorflow-ml-nlp-tf2,https://api.github.com/repos/NLP-kr/tensorflow-ml-nlp-tf2,188,104,FALSE,412,2,26,5
71860524,teinhonglo/Information-retrieval,https://api.github.com/repos/teinhonglo/Information-retrieval,52,32,FALSE,412,1,4,5
254662819,digitalepidemiologylab/covid-twitter-bert,https://api.github.com/repos/digitalepidemiologylab/covid-twitter-bert,143,20,FALSE,397,5,12,5
176205748,PacktPublishing/AI-Crash-Course,https://api.github.com/repos/PacktPublishing/AI-Crash-Course,135,117,FALSE,391,0,0,5
141228949,tracholar/ml-homework-cz,https://api.github.com/repos/tracholar/ml-homework-cz,21,10,FALSE,388,0,1,5
91767564,philipperemy/deep-speaker,https://api.github.com/repos/philipperemy/deep-speaker,687,212,FALSE,363,0,77,5
185262586,re-search/DocProduct,https://api.github.com/repos/re-search/DocProduct,518,141,FALSE,333,21,11,5
232400282,alexacarlson/DeepDesign2019,https://api.github.com/repos/alexacarlson/DeepDesign2019,15,15,FALSE,313,1,0,5
267485383,kneron/ONNX_Convertor,https://api.github.com/repos/kneron/ONNX_Convertor,31,12,FALSE,311,0,4,5
129887529,hammerlab/cytokit,https://api.github.com/repos/hammerlab/cytokit,95,18,FALSE,301,11,22,5
161178225,omegaml/omegaml,https://api.github.com/repos/omegaml/omegaml,74,10,FALSE,283,35,37,5
115182783,shaoanlu/faceswap-GAN,https://api.github.com/repos/shaoanlu/faceswap-GAN,3111,814,FALSE,279,94,76,5
195387613,zurutech/ashpy,https://api.github.com/repos/zurutech/ashpy,86,11,FALSE,264,24,17,5
245462564,AIWintermuteAI/aXeleRate,https://api.github.com/repos/AIWintermuteAI/aXeleRate,140,56,FALSE,261,1,51,5
164688525,microsoft/GenStudio,https://api.github.com/repos/microsoft/GenStudio,177,34,FALSE,243,1,1,5
61832342,openeventdata/mordecai,https://api.github.com/repos/openeventdata/mordecai,636,84,FALSE,233,23,70,5
177435734,deepintomlf/mlfbook,https://api.github.com/repos/deepintomlf/mlfbook,26,12,FALSE,222,0,0,5
257932939,PacktPublishing/Learn-Amazon-SageMaker,https://api.github.com/repos/PacktPublishing/Learn-Amazon-SageMaker,90,76,FALSE,216,8,6,5
88643880,ImagingInformatics/machine-learning,https://api.github.com/repos/ImagingInformatics/machine-learning,63,32,FALSE,194,1,2,5
300070966,IVPLatNU/DeepCovidXR,https://api.github.com/repos/IVPLatNU/DeepCovidXR,13,10,FALSE,188,4,4,5
53871408,bio-ontology-research-group/phenomenet-vp,https://api.github.com/repos/bio-ontology-research-group/phenomenet-vp,26,12,FALSE,183,6,5,5
150864645,declare-lab/MELD,https://api.github.com/repos/declare-lab/MELD,478,142,FALSE,161,21,17,5
82329392,hep-lbdl/CaloGAN,https://api.github.com/repos/hep-lbdl/CaloGAN,96,59,FALSE,153,8,1,5
192155460,dragen1860/Deep-Learning-with-TensorFlow-book,https://api.github.com/repos/dragen1860/Deep-Learning-with-TensorFlow-book,12189,3959,FALSE,151,72,147,5
399383425,daydreaming666/Amenoma,https://api.github.com/repos/daydreaming666/Amenoma,196,22,FALSE,150,17,34,5
169527185,smellslikeml/ActionAI,https://api.github.com/repos/smellslikeml/ActionAI,508,153,FALSE,148,29,16,5
248081435,GoogleCloudPlatform/ml-design-patterns,https://api.github.com/repos/GoogleCloudPlatform/ml-design-patterns,1057,277,FALSE,147,21,7,5
133389964,geomstats/applications,https://api.github.com/repos/geomstats/applications,24,10,FALSE,143,1,5,5
206039306,JinmiaoChenLab/Batch-effect-removal-benchmarking,https://api.github.com/repos/JinmiaoChenLab/Batch-effect-removal-benchmarking,34,26,FALSE,137,11,3,5
327627955,SilvioGiancola/SoccerNetv2-DevKit,https://api.github.com/repos/SilvioGiancola/SoccerNetv2-DevKit,74,23,FALSE,128,3,51,5
238645652,PacktPublishing/Practical-Machine-Learning-with-TensorFlow-2.0-and-Scikit-Learn,https://api.github.com/repos/PacktPublishing/Practical-Machine-Learning-with-TensorFlow-2.0-and-Scikit-Learn,41,20,FALSE,120,1,0,5
21431857,openearth/notebooks,https://api.github.com/repos/openearth/notebooks,19,13,FALSE,117,0,0,5
104427181,tensorflow/lattice,https://api.github.com/repos/tensorflow/lattice,483,89,FALSE,110,7,51,5
196452519,octoenergy/timeserio,https://api.github.com/repos/octoenergy/timeserio,56,13,FALSE,105,1,1,5
185998708,digantamisra98/Mish,https://api.github.com/repos/digantamisra98/Mish,1185,124,FALSE,2603,1,31,4
180587550,keiohta/tf2rl,https://api.github.com/repos/keiohta/tf2rl,407,92,FALSE,985,37,82,4
134406154,BIMSBbioinfo/janggu,https://api.github.com/repos/BIMSBbioinfo/janggu,215,26,FALSE,872,1,28,4
129458870,kermitt2/delft,https://api.github.com/repos/kermitt2/delft,324,57,FALSE,849,25,55,4
110171294,DCASE-REPO/dcase_util,https://api.github.com/repos/DCASE-REPO/dcase_util,109,29,FALSE,774,1,11,4
74752445,CSCfi/machine-learning-scripts,https://api.github.com/repos/CSCfi/machine-learning-scripts,57,49,FALSE,717,1,0,4
106646886,N2ITN/are-you-fake-news,https://api.github.com/repos/N2ITN/are-you-fake-news,108,29,FALSE,711,3,0,4
391777965,leondgarse/keras_cv_attention_models,https://api.github.com/repos/leondgarse/keras_cv_attention_models,95,13,FALSE,689,4,37,4
72127605,awni/ecg,https://api.github.com/repos/awni/ecg,483,233,FALSE,532,8,4,4
193113083,zaccharieramzi/fastmri-reproducible-benchmark,https://api.github.com/repos/zaccharieramzi/fastmri-reproducible-benchmark,93,33,FALSE,422,17,59,4
181688929,xavysp/DexiNed,https://api.github.com/repos/xavysp/DexiNed,420,112,FALSE,397,48,60,4
153539582,idebtor/KMOOC-ML,https://api.github.com/repos/idebtor/KMOOC-ML,30,38,FALSE,374,2,0,4
22489033,lazyprogrammer/machine_learning_examples,https://api.github.com/repos/lazyprogrammer/machine_learning_examples,6541,5536,FALSE,368,8,38,4
40738712,mynlp/ccg2lambda,https://api.github.com/repos/mynlp/ccg2lambda,196,45,FALSE,355,9,12,4
136194704,CSBDeep/CSBDeep,https://api.github.com/repos/CSBDeep/CSBDeep,187,60,FALSE,335,20,41,4
104820730,imyoungyang/myAWSStudyBlog,https://api.github.com/repos/imyoungyang/myAWSStudyBlog,86,44,FALSE,307,0,2,4
297432813,Common-Data-Team/common-data-app,https://api.github.com/repos/Common-Data-Team/common-data-app,14,16,FALSE,291,0,0,4
214224803,biocorecrg/master_of_pores,https://api.github.com/repos/biocorecrg/master_of_pores,70,12,FALSE,289,0,107,4
234804580,Tachionstrahl/SignLanguageRecognition,https://api.github.com/repos/Tachionstrahl/SignLanguageRecognition,56,19,FALSE,286,5,6,4
234535910,CrawlScript/tf_geometric,https://api.github.com/repos/CrawlScript/tf_geometric,362,74,FALSE,285,15,8,4
80674179,dblalock/bolt,https://api.github.com/repos/dblalock/bolt,1442,121,FALSE,276,17,16,4
94341587,datarobot/pic2vec,https://api.github.com/repos/datarobot/pic2vec,31,12,FALSE,274,3,14,4
107836790,mokemokechicken/reversi-alpha-zero,https://api.github.com/repos/mokemokechicken/reversi-alpha-zero,629,166,FALSE,268,17,23,4
380363891,https-deeplearning-ai/tensorflow-1-public,https://api.github.com/repos/https-deeplearning-ai/tensorflow-1-public,330,410,FALSE,263,0,25,4
126377943,greenelab/BioBombe,https://api.github.com/repos/greenelab/BioBombe,50,20,FALSE,234,1,52,4
281059645,upb-lea/reinforcement_learning_course_materials,https://api.github.com/repos/upb-lea/reinforcement_learning_course_materials,477,96,FALSE,211,7,6,4
185136269,burke86/astro_rcnn,https://api.github.com/repos/burke86/astro_rcnn,25,10,FALSE,200,7,1,4
46973796,inspirehep/magpie,https://api.github.com/repos/inspirehep/magpie,652,190,FALSE,196,47,119,4
175487258,the-deep-learners/deep-learning-illustrated,https://api.github.com/repos/the-deep-learners/deep-learning-illustrated,470,245,FALSE,187,1,4,4
178783916,PerttuHamalainen/MediaAI,https://api.github.com/repos/PerttuHamalainen/MediaAI,45,13,FALSE,183,1,0,4
170272437,lacmus-foundation/lacmus,https://api.github.com/repos/lacmus-foundation/lacmus,159,30,FALSE,155,3,20,4
164525439,dolongbien/HumanBehaviorBKU,https://api.github.com/repos/dolongbien/HumanBehaviorBKU,92,46,FALSE,150,12,7,4
110565784,BuckWoody/presentations,https://api.github.com/repos/BuckWoody/presentations,33,15,FALSE,147,1,1,4
365587252,AutoViML/deep_autoviml,https://api.github.com/repos/AutoViML/deep_autoviml,87,23,FALSE,137,4,13,4
158768944,Machine-Learning-Tokyo/DL-workshop-series,https://api.github.com/repos/Machine-Learning-Tokyo/DL-workshop-series,905,235,FALSE,136,2,3,4
199090254,kundajelab/bpnet,https://api.github.com/repos/kundajelab/bpnet,89,18,FALSE,135,15,21,4
194924868,ornlpmcp/ASCENDS,https://api.github.com/repos/ornlpmcp/ASCENDS,40,16,FALSE,134,3,6,4
223432971,metal3d/keras-video-generators,https://api.github.com/repos/metal3d/keras-video-generators,70,22,FALSE,130,21,22,4
64746852,leriomaggio/deep-learning-keras-tensorflow,https://api.github.com/repos/leriomaggio/deep-learning-keras-tensorflow,2874,1288,FALSE,129,8,9,4
133816718,wikistat/High-Dimensional-Deep-Learning,https://api.github.com/repos/wikistat/High-Dimensional-Deep-Learning,25,22,FALSE,128,0,0,4
139136611,cyrusmvahid/GluonBootcamp,https://api.github.com/repos/cyrusmvahid/GluonBootcamp,23,14,FALSE,126,0,0,4
134856295,Certificat-sciences-des-donnees-bigdata/Module-sensibilisation,https://api.github.com/repos/Certificat-sciences-des-donnees-bigdata/Module-sensibilisation,22,46,FALSE,121,0,0,4
416559888,CLUEbenchmark/KgCLUE,https://api.github.com/repos/CLUEbenchmark/KgCLUE,127,32,FALSE,118,7,3,4
178674590,eg4000/SKU110K_CVPR19,https://api.github.com/repos/eg4000/SKU110K_CVPR19,646,161,FALSE,112,13,83,4
134330190,qubvel/classification_models,https://api.github.com/repos/qubvel/classification_models,1065,286,FALSE,110,31,32,4
260180606,atif-hassan/Competition-code,https://api.github.com/repos/atif-hassan/Competition-code,37,37,FALSE,108,0,0,4
219954590,intel/neuro-vectorizer,https://api.github.com/repos/intel/neuro-vectorizer,58,21,FALSE,107,0,10,4
338992953,Rishit-dagli/Gradient-Centralization-TensorFlow,https://api.github.com/repos/Rishit-dagli/Gradient-Centralization-TensorFlow,98,21,FALSE,104,0,7,4
291143782,mae-creative-pc/cpac_course_2020,https://api.github.com/repos/mae-creative-pc/cpac_course_2020,10,27,FALSE,102,0,0,4
201898374,PacktPublishing/Artificial-Intelligence-By-Example-Second-Edition,https://api.github.com/repos/PacktPublishing/Artificial-Intelligence-By-Example-Second-Edition,28,24,FALSE,102,0,0,4
140285687,osmr/imgclsmob,https://api.github.com/repos/osmr/imgclsmob,2454,499,FALSE,2476,10,84,3
86073365,zhangzhizza/HVAC-RL-Control,https://api.github.com/repos/zhangzhizza/HVAC-RL-Control,15,10,FALSE,908,1,1,3
150585972,Novartis/peax,https://api.github.com/repos/Novartis/peax,56,11,FALSE,838,3,1,3
286760077,coleygroup/molpal,https://api.github.com/repos/coleygroup/molpal,74,18,FALSE,670,1,20,3
92888477,sarisabban/Notes,https://api.github.com/repos/sarisabban/Notes,17,42,FALSE,659,0,2,3
67749755,rchavezj/OpenCV_Projects,https://api.github.com/repos/rchavezj/OpenCV_Projects,235,111,FALSE,598,1,0,3
118073734,Koziev/chatbot,https://api.github.com/repos/Koziev/chatbot,162,44,FALSE,573,28,30,3
72460321,burakbayramli/books,https://api.github.com/repos/burakbayramli/books,138,138,FALSE,558,0,1,3
96311842,serengil/tensorflow-101,https://api.github.com/repos/serengil/tensorflow-101,778,554,FALSE,467,1,24,3
127285630,csc-training/intro-to-dl,https://api.github.com/repos/csc-training/intro-to-dl,36,27,FALSE,467,2,2,3
151773885,analyticalmindsltd/smote_variants,https://api.github.com/repos/analyticalmindsltd/smote_variants,354,96,FALSE,450,13,13,3
102374838,sigmaai/self-driving-golf-cart,https://api.github.com/repos/sigmaai/self-driving-golf-cart,183,63,FALSE,449,3,11,3
175599901,LPDI-EPFL/masif,https://api.github.com/repos/LPDI-EPFL/masif,287,84,FALSE,440,25,27,3
128887340,mannefedov/compling_nlp_hse_course,https://api.github.com/repos/mannefedov/compling_nlp_hse_course,102,41,FALSE,425,0,1,3
206212689,MathMachado/DSWP,https://api.github.com/repos/MathMachado/DSWP,20,203,FALSE,422,0,0,3
51673050,ScottfreeLLC/AlphaPy,https://api.github.com/repos/ScottfreeLLC/AlphaPy,704,158,FALSE,417,13,29,3
80655163,ellisdg/3DUnetCNN,https://api.github.com/repos/ellisdg/3DUnetCNN,1455,613,FALSE,417,0,262,3
125566590,bricewalker/Hey-Jetson,https://api.github.com/repos/bricewalker/Hey-Jetson,168,38,FALSE,404,0,12,3
174365764,maelfabien/Multimodal-Emotion-Recognition,https://api.github.com/repos/maelfabien/Multimodal-Emotion-Recognition,505,211,FALSE,357,11,4,3
233400525,bhadreshpsavani/CarPartsDetectionChallenge,https://api.github.com/repos/bhadreshpsavani/CarPartsDetectionChallenge,40,13,FALSE,346,6,4,3
149086461,plastering/plastering,https://api.github.com/repos/plastering/plastering,26,10,FALSE,330,5,2,3
209161611,siavash-khodadadeh/MetaLearning-TF2.0,https://api.github.com/repos/siavash-khodadadeh/MetaLearning-TF2.0,97,19,FALSE,327,2,5,3
171858338,idebtor/JoyAI,https://api.github.com/repos/idebtor/JoyAI,71,81,FALSE,320,0,0,3
106568242,marl/l3embedding,https://api.github.com/repos/marl/l3embedding,70,16,FALSE,273,10,29,3
244186700,datamllab/automl-in-action-notebooks,https://api.github.com/repos/datamllab/automl-in-action-notebooks,27,12,FALSE,260,1,0,3
107152954,sirimullalab/DLSCORE,https://api.github.com/repos/sirimullalab/DLSCORE,38,18,FALSE,255,2,4,3
115000146,maticvl/dataHacker,https://api.github.com/repos/maticvl/dataHacker,11,14,FALSE,253,0,0,3
151281592,PSLmodels/PCI-China,https://api.github.com/repos/PSLmodels/PCI-China,158,49,FALSE,247,2,4,3
114399769,harish2704/pottan-ocr,https://api.github.com/repos/harish2704/pottan-ocr,44,11,FALSE,245,3,11,3
144938099,kotritrona/osumapper,https://api.github.com/repos/kotritrona/osumapper,269,36,FALSE,206,14,11,3
75407467,mdeff/fma,https://api.github.com/repos/mdeff/fma,1594,356,FALSE,205,7,44,3
187989988,kpe/bert-for-tf2,https://api.github.com/repos/kpe/bert-for-tf2,749,179,FALSE,184,26,63,3
227359482,PacktPublishing/Python-Machine-Learning-Third-Edition,https://api.github.com/repos/PacktPublishing/Python-Machine-Learning-Third-Edition,20,23,FALSE,184,1,0,3
129793058,MrGiovanni/UNetPlusPlus,https://api.github.com/repos/MrGiovanni/UNetPlusPlus,1611,431,FALSE,172,49,28,3
119280119,Alireza-Akhavan/class.vision,https://api.github.com/repos/Alireza-Akhavan/class.vision,90,46,FALSE,170,0,0,3
89379279,bmcfee/crema,https://api.github.com/repos/bmcfee/crema,63,12,FALSE,164,4,18,3
131086211,mvaleriani/Shallow,https://api.github.com/repos/mvaleriani/Shallow,41,12,FALSE,163,1,0,3
357820119,msg-systems/coreferee,https://api.github.com/repos/msg-systems/coreferee,131,14,FALSE,157,1,42,3
75700443,hugochan/KATE,https://api.github.com/repos/hugochan/KATE,137,48,FALSE,156,3,27,3
313476213,https-deeplearning-ai/machine-learning-engineering-for-production-public,https://api.github.com/repos/https-deeplearning-ai/machine-learning-engineering-for-production-public,703,791,FALSE,153,13,22,3
90831495,rameshvarun/NeuralKart,https://api.github.com/repos/rameshvarun/NeuralKart,649,54,FALSE,153,8,3,3
149362220,kamino410/cv-snippets,https://api.github.com/repos/kamino410/cv-snippets,22,12,FALSE,152,0,0,3
219459579,ancasag/ensembleObjectDetection,https://api.github.com/repos/ancasag/ensembleObjectDetection,87,21,FALSE,146,2,3,3
189686717,kr-colab/locator,https://api.github.com/repos/kr-colab/locator,26,10,FALSE,146,6,8,3
181522196,techgymjp/techgym_ai,https://api.github.com/repos/techgymjp/techgym_ai,15,32,FALSE,136,0,0,3
125869131,krasserm/bayesian-machine-learning,https://api.github.com/repos/krasserm/bayesian-machine-learning,1376,375,FALSE,135,4,13,3
211104213,pvitoria/ChromaGAN,https://api.github.com/repos/pvitoria/ChromaGAN,149,27,FALSE,133,2,10,3
197976875,sciann/sciann,https://api.github.com/repos/sciann/sciann,127,58,FALSE,131,34,29,3
156926609,mandarjoshi90/coref,https://api.github.com/repos/mandarjoshi90/coref,356,84,FALSE,131,37,48,3
89023218,ActiveState/neuroblast,https://api.github.com/repos/ActiveState/neuroblast,105,15,FALSE,130,14,0,3
104943539,tensorpack/benchmarks,https://api.github.com/repos/tensorpack/benchmarks,89,30,FALSE,129,0,7,3
264782257,Shawn-Shan/fawkes,https://api.github.com/repos/Shawn-Shan/fawkes,4430,435,FALSE,128,21,131,3
367606918,nalexai/hyperlib,https://api.github.com/repos/nalexai/hyperlib,76,10,FALSE,126,7,3,3
125108687,gcamfer/Anomaly-ReactionRL,https://api.github.com/repos/gcamfer/Anomaly-ReactionRL,63,28,FALSE,120,3,8,3
173690466,jason9693/MusicTransformer-tensorflow2.0,https://api.github.com/repos/jason9693/MusicTransformer-tensorflow2.0,280,69,FALSE,119,17,4,3
158563455,BIMSBbioinfo/maui,https://api.github.com/repos/BIMSBbioinfo/maui,36,12,FALSE,117,5,6,3
151886617,tcwangshiqi-columbia/Neurify,https://api.github.com/repos/tcwangshiqi-columbia/Neurify,39,13,FALSE,116,8,9,3
175776798,eth-cscs/tensorflow-training,https://api.github.com/repos/eth-cscs/tensorflow-training,13,12,FALSE,116,0,4,3
348645926,hukaixuan19970627/yolov5_obb,https://api.github.com/repos/hukaixuan19970627/yolov5_obb,493,131,FALSE,115,84,437,3
258892383,RL-Research-Cohiba/Reinforcement_Learning,https://api.github.com/repos/RL-Research-Cohiba/Reinforcement_Learning,117,69,FALSE,114,0,0,3
101685392,amygdala/code-snippets,https://api.github.com/repos/amygdala/code-snippets,145,80,FALSE,113,1,0,3
211326753,splunk/splunk-mltk-container-docker,https://api.github.com/repos/splunk/splunk-mltk-container-docker,18,11,FALSE,110,0,15,3
137585470,cpmpercussion/keras-mdn-layer,https://api.github.com/repos/cpmpercussion/keras-mdn-layer,142,38,FALSE,109,10,15,3
135913708,kujirahand/book-mlearn-gyomu,https://api.github.com/repos/kujirahand/book-mlearn-gyomu,109,83,FALSE,105,1,8,3
228673061,mrm8488/shared_colab_notebooks,https://api.github.com/repos/mrm8488/shared_colab_notebooks,117,37,FALSE,103,6,0,3
128422561,robocupathomeedu/rc-home-edu-learn-ros,https://api.github.com/repos/robocupathomeedu/rc-home-edu-learn-ros,20,10,FALSE,101,1,0,3
18587808,gjbex/training-material,https://api.github.com/repos/gjbex/training-material,101,49,FALSE,4753,3,13,2
22177757,maranemil/howto,https://api.github.com/repos/maranemil/howto,34,17,FALSE,3786,0,0,2
162232730,yyht/BERT,https://api.github.com/repos/yyht/BERT,30,10,FALSE,2711,5,1,2
106888772,henrysky/astroNN,https://api.github.com/repos/henrysky/astroNN,146,40,FALSE,1962,5,9,2
70790978,antoinecarme/pyaf,https://api.github.com/repos/antoinecarme/pyaf,353,57,FALSE,1784,19,161,2
81080747,davidam/python-examples,https://api.github.com/repos/davidam/python-examples,12,11,FALSE,1752,0,0,2
56539777,hanhanwu/Hanhan_Data_Science_Practice,https://api.github.com/repos/hanhanwu/Hanhan_Data_Science_Practice,26,14,FALSE,1642,0,0,2
70411933,spillai/pybot,https://api.github.com/repos/spillai/pybot,60,19,FALSE,1628,1,1,2
96482151,guicho271828/latplan,https://api.github.com/repos/guicho271828/latplan,70,16,FALSE,1598,0,16,2
15994566,gooofy/zamia-ai,https://api.github.com/repos/gooofy/zamia-ai,143,28,FALSE,1546,0,10,2
2287140,burakbayramli/classnotes,https://api.github.com/repos/burakbayramli/classnotes,54,31,FALSE,1534,0,1,2
145695374,svakulenk0/KBQA,https://api.github.com/repos/svakulenk0/KBQA,82,11,FALSE,1431,4,4,2
221723816,WZMIAOMIAO/deep-learning-for-image-processing,https://api.github.com/repos/WZMIAOMIAO/deep-learning-for-image-processing,6391,3134,FALSE,1292,24,314,2
135771325,HunterMcGushion/hyperparameter_hunter,https://api.github.com/repos/HunterMcGushion/hyperparameter_hunter,682,91,FALSE,1096,32,84,2
182269932,Anwarvic/Deep-Learning-Nanodegree,https://api.github.com/repos/Anwarvic/Deep-Learning-Nanodegree,42,23,FALSE,697,0,0,2
92932610,zfw1226/gym-unrealcv,https://api.github.com/repos/zfw1226/gym-unrealcv,239,51,FALSE,667,2,22,2
102203284,naripok/cryptotrader,https://api.github.com/repos/naripok/cryptotrader,28,16,FALSE,667,0,0,2
137778789,jim-schwoebel/voicebook,https://api.github.com/repos/jim-schwoebel/voicebook,289,61,FALSE,646,8,17,2
340237564,sherlcok314159/ML,https://api.github.com/repos/sherlcok314159/ML,100,34,FALSE,628,0,1,2
62860862,GeoPyTool/GeoPyTool,https://api.github.com/repos/GeoPyTool/GeoPyTool,156,47,FALSE,619,9,8,2
196534475,williamfzc/stagesepx,https://api.github.com/repos/williamfzc/stagesepx,351,101,FALSE,606,25,150,2
137504144,KieranLitschel/PredictingClosingPriceTomorrow,https://api.github.com/repos/KieranLitschel/PredictingClosingPriceTomorrow,19,14,FALSE,597,0,2,2
122900465,goruck/smart-zoneminder,https://api.github.com/repos/goruck/smart-zoneminder,154,35,FALSE,596,1,7,2
4939076,MartinThoma/algorithms,https://api.github.com/repos/MartinThoma/algorithms,196,108,FALSE,582,2,1,2
97203950,rahulremanan/python_tutorial,https://api.github.com/repos/rahulremanan/python_tutorial,34,39,FALSE,564,0,3,2
307009244,ben1234560/AiLearning-Theory-Applying,https://api.github.com/repos/ben1234560/AiLearning-Theory-Applying,1014,168,FALSE,550,1,1,2
117516956,MachineLP/py_workSpace,https://api.github.com/repos/MachineLP/py_workSpace,17,15,FALSE,549,0,0,2
144119757,khanhnamle1994/cracking-the-data-science-interview,https://api.github.com/repos/khanhnamle1994/cracking-the-data-science-interview,1621,510,FALSE,518,0,1,2
106319167,salimt/Courses-,https://api.github.com/repos/salimt/Courses-,518,653,FALSE,504,6,1,2
184317473,CMU-CREATE-Lab/deep-smoke-machine,https://api.github.com/repos/CMU-CREATE-Lab/deep-smoke-machine,82,23,FALSE,502,1,9,2
142216836,amesar/mlflow-fun,https://api.github.com/repos/amesar/mlflow-fun,20,10,FALSE,498,0,0,2
182003715,deepdiy/deepdiy,https://api.github.com/repos/deepdiy/deepdiy,48,13,FALSE,459,1,0,2
109306088,gabrielpreda/Kaggle,https://api.github.com/repos/gabrielpreda/Kaggle,23,13,FALSE,442,1,0,2
231942105,AdneneBoumessouer/MVTec-Anomaly-Detection,https://api.github.com/repos/AdneneBoumessouer/MVTec-Anomaly-Detection,161,37,FALSE,433,11,12,2
97680527,StanfordVL/ReferringRelationships,https://api.github.com/repos/StanfordVL/ReferringRelationships,258,82,FALSE,420,5,13,2
28271433,antkillerfarm/antkillerfarm_crazy,https://api.github.com/repos/antkillerfarm/antkillerfarm_crazy,14,20,FALSE,416,0,0,2
92058036,aschampion/diluvian,https://api.github.com/repos/aschampion/diluvian,20,16,FALSE,413,8,7,2
124969197,nabeel-oz/qlik-py-tools,https://api.github.com/repos/nabeel-oz/qlik-py-tools,155,79,FALSE,393,25,91,2
17317693,pnugues/ilppp,https://api.github.com/repos/pnugues/ilppp,18,52,FALSE,376,0,0,2
307948873,Muennighoff/vilio,https://api.github.com/repos/Muennighoff/vilio,67,21,FALSE,373,5,4,2
100740147,lishen/end2end-all-conv,https://api.github.com/repos/lishen/end2end-all-conv,270,108,FALSE,363,16,10,2
88235612,tommytracey/udacity,https://api.github.com/repos/tommytracey/udacity,12,15,FALSE,360,0,0,2
116224372,wucng/TensorExpand,https://api.github.com/repos/wucng/TensorExpand,344,241,FALSE,352,15,3,2
262872040,JacopoPan/a-minimalist-guide,https://api.github.com/repos/JacopoPan/a-minimalist-guide,37,11,FALSE,347,0,1,2
127151928,yoavram/SciComPy,https://api.github.com/repos/yoavram/SciComPy,18,72,FALSE,327,4,0,2
264489309,jphall663/GWU_rml,https://api.github.com/repos/jphall663/GWU_rml,21,14,FALSE,325,0,1,2
49189773,xiaoxiaoyao/MyApp,https://api.github.com/repos/xiaoxiaoyao/MyApp,51,31,FALSE,323,0,1,2
50407897,wx-chevalier/AI-Series,https://api.github.com/repos/wx-chevalier/AI-Series,714,248,FALSE,316,0,2,2
211178030,khanhnamle1994/MetaRec,https://api.github.com/repos/khanhnamle1994/MetaRec,192,46,FALSE,315,1,1,2
85496265,drscotthawley/panotti,https://api.github.com/repos/drscotthawley/panotti,250,75,FALSE,310,16,19,2
42652510,berleon/deepdecoder,https://api.github.com/repos/berleon/deepdecoder,51,15,FALSE,303,1,6,2
255000791,jakewalter/easyQuake,https://api.github.com/repos/jakewalter/easyQuake,30,10,FALSE,298,5,2,2
117815245,MarcYin/SIAC,https://api.github.com/repos/MarcYin/SIAC,31,14,FALSE,297,1,12,2
167753773,kylemath/DeepEEG,https://api.github.com/repos/kylemath/DeepEEG,135,40,FALSE,288,19,11,2
220010796,Dhruv2012/Autonomous-Farm-Robot,https://api.github.com/repos/Dhruv2012/Autonomous-Farm-Robot,27,19,FALSE,287,0,2,2
167184666,Ubpa/RenderLab,https://api.github.com/repos/Ubpa/RenderLab,539,96,FALSE,284,4,6,2
282166966,Pavankunchala/Deep-Learning,https://api.github.com/repos/Pavankunchala/Deep-Learning,18,10,FALSE,282,0,0,2
211845076,as-ideas/headliner,https://api.github.com/repos/as-ideas/headliner,229,41,FALSE,276,2,13,2
12484192,berak/opencv_smallfry,https://api.github.com/repos/berak/opencv_smallfry,56,24,FALSE,269,0,4,2
99398475,senkin13/kaggle,https://api.github.com/repos/senkin13/kaggle,68,15,FALSE,268,0,2,2
51213210,dennyglee/databricks,https://api.github.com/repos/dennyglee/databricks,162,128,FALSE,267,2,0,2
94073305,ziqizhang/chase,https://api.github.com/repos/ziqizhang/chase,28,15,FALSE,265,0,0,2
201498201,RTIInternational/gobbli,https://api.github.com/repos/RTIInternational/gobbli,263,23,FALSE,260,8,6,2
240737265,lmoroney/tfbook,https://api.github.com/repos/lmoroney/tfbook,241,120,FALSE,245,10,5,2
188532143,tlatkowski/gans-2.0,https://api.github.com/repos/tlatkowski/gans-2.0,75,12,FALSE,243,5,5,2
257438918,BBillot/SynthSeg,https://api.github.com/repos/BBillot/SynthSeg,89,22,FALSE,240,3,38,2
262756026,mlittmancs/great_courses_ml,https://api.github.com/repos/mlittmancs/great_courses_ml,21,14,FALSE,231,3,0,2
183990998,zhufz/nlp_research,https://api.github.com/repos/zhufz/nlp_research,165,49,FALSE,228,1,0,2
192836380,Baymax94/children-python,https://api.github.com/repos/Baymax94/children-python,56,46,FALSE,223,1,3,2
101189247,slerch/ppnn,https://api.github.com/repos/slerch/ppnn,37,21,FALSE,221,0,1,2
91879775,GauravBh1010tt/DeepLearn,https://api.github.com/repos/GauravBh1010tt/DeepLearn,1729,373,FALSE,220,10,8,2
119809374,holm-aune-bachelor2018/ctc,https://api.github.com/repos/holm-aune-bachelor2018/ctc,32,15,FALSE,218,5,0,2
247377689,SudhakarKuma/Machine_Learning,https://api.github.com/repos/SudhakarKuma/Machine_Learning,22,26,FALSE,211,0,0,2
115327621,MachineLP/CodeFun,https://api.github.com/repos/MachineLP/CodeFun,332,158,FALSE,210,5,0,2
219899848,kingreatwill/penter,https://api.github.com/repos/kingreatwill/penter,10,10,FALSE,202,0,0,2
118878625,icoxfog417/baby-steps-of-rl-ja,https://api.github.com/repos/icoxfog417/baby-steps-of-rl-ja,349,212,FALSE,197,7,39,2
267679105,JanMarcelKezmann/TensorFlow-Advanced-Segmentation-Models,https://api.github.com/repos/JanMarcelKezmann/TensorFlow-Advanced-Segmentation-Models,60,20,FALSE,191,8,16,2
190940467,pedropro/TACO,https://api.github.com/repos/pedropro/TACO,365,113,FALSE,190,29,14,2
144081173,philtabor/Youtube-Code-Repository,https://api.github.com/repos/philtabor/Youtube-Code-Repository,502,329,FALSE,188,29,17,2
125501606,gionanide/Speech_Signal_Processing_and_Classification,https://api.github.com/repos/gionanide/Speech_Signal_Processing_and_Classification,182,60,FALSE,186,3,1,2
306223408,GanAHE/GNSSAMS,https://api.github.com/repos/GanAHE/GNSSAMS,22,11,FALSE,180,0,0,2
131101072,nursnaaz/Inceptez,https://api.github.com/repos/nursnaaz/Inceptez,15,66,FALSE,179,0,0,2
51429766,ethen8181/programming,https://api.github.com/repos/ethen8181/programming,12,10,FALSE,177,0,0,2
256262711,huangrt01/CS-Notes,https://api.github.com/repos/huangrt01/CS-Notes,2956,431,FALSE,170,2,3,2
120520722,mmalekzadeh/motion-sense,https://api.github.com/repos/mmalekzadeh/motion-sense,209,77,FALSE,170,3,5,2
132036733,yuxiaohuang/teaching,https://api.github.com/repos/yuxiaohuang/teaching,41,116,FALSE,167,0,0,2
81164816,guybedo/minos,https://api.github.com/repos/guybedo/minos,48,10,FALSE,162,1,0,2
177594519,shamangary/FSA-Net,https://api.github.com/repos/shamangary/FSA-Net,515,141,FALSE,160,27,37,2
257168056,a-forty-two/cylons,https://api.github.com/repos/a-forty-two/cylons,12,13,FALSE,156,0,0,2
244779195,julrog/nn_vis,https://api.github.com/repos/julrog/nn_vis,619,123,FALSE,153,3,14,2
271900493,MihawkHu/DCASE2020_task1,https://api.github.com/repos/MihawkHu/DCASE2020_task1,62,25,FALSE,153,1,20,2
273602779,Intro-Course-AI-ML/LessonMaterials,https://api.github.com/repos/Intro-Course-AI-ML/LessonMaterials,150,18,FALSE,152,0,0,2
180893088,Tebs-Lab/intro-to-deep-learning,https://api.github.com/repos/Tebs-Lab/intro-to-deep-learning,133,83,FALSE,151,0,0,2
167427139,google-research/tensorflow_constrained_optimization,https://api.github.com/repos/google-research/tensorflow_constrained_optimization,265,47,FALSE,149,12,1,2
186782190,teticio/Deej-AI,https://api.github.com/repos/teticio/Deej-AI,108,19,FALSE,148,0,15,2
139062293,ahmetozlu/tensorflow_object_counting_api,https://api.github.com/repos/ahmetozlu/tensorflow_object_counting_api,1070,483,FALSE,147,21,70,2
176226132,Jungjee/RawNet,https://api.github.com/repos/Jungjee/RawNet,167,41,FALSE,145,2,26,2
201675838,vibudh2209/D2,https://api.github.com/repos/vibudh2209/D2,57,21,FALSE,143,1,3,2
88525583,adamtiger/NNSharp,https://api.github.com/repos/adamtiger/NNSharp,46,15,FALSE,141,4,4,2
66116261,jeffheaton/present,https://api.github.com/repos/jeffheaton/present,109,99,FALSE,140,0,7,2
191784463,yongzhuo/Keras-TextClassification,https://api.github.com/repos/yongzhuo/Keras-TextClassification,1222,368,FALSE,137,0,79,2
125699795,AaronJi/RL,https://api.github.com/repos/AaronJi/RL,22,13,FALSE,135,0,0,2
356193168,leondgarse/keras_efficientnet_v2,https://api.github.com/repos/leondgarse/keras_efficientnet_v2,50,12,FALSE,130,0,12,2
92104964,AniSkywalker/SarcasmDetection,https://api.github.com/repos/AniSkywalker/SarcasmDetection,105,33,FALSE,128,8,1,2
209707168,deepintent-ccs/DeepIntent,https://api.github.com/repos/deepintent-ccs/DeepIntent,18,13,FALSE,125,3,1,2
166683647,dbamman/anlp19,https://api.github.com/repos/dbamman/anlp19,409,106,FALSE,125,0,0,2
156718568,anshupandey/Computer-Vision,https://api.github.com/repos/anshupandey/Computer-Vision,11,19,FALSE,123,0,0,2
152788974,pnugues/edan95,https://api.github.com/repos/pnugues/edan95,12,21,FALSE,123,0,0,2
181169714,FabianGroeger96/cnn-number-detection,https://api.github.com/repos/FabianGroeger96/cnn-number-detection,47,12,FALSE,123,1,10,2
177493223,luisguiserrano/manning,https://api.github.com/repos/luisguiserrano/manning,108,87,FALSE,122,5,4,2
305429645,timsetsfire/odsc-ml-drum,https://api.github.com/repos/timsetsfire/odsc-ml-drum,10,12,FALSE,121,0,0,2
77638266,KordingLab/Neural_Decoding,https://api.github.com/repos/KordingLab/Neural_Decoding,260,88,FALSE,117,4,7,2
66020904,sethuiyer/mlhub,https://api.github.com/repos/sethuiyer/mlhub,13,15,FALSE,116,0,0,2
134400122,foamliu/Look-Into-Person,https://api.github.com/repos/foamliu/Look-Into-Person,76,20,FALSE,115,2,3,2
101130877,IcedDoggie/Micro-Expression-with-Deep-Learning,https://api.github.com/repos/IcedDoggie/Micro-Expression-with-Deep-Learning,217,97,FALSE,115,34,7,2
182123498,johli/aparent,https://api.github.com/repos/johli/aparent,19,11,FALSE,114,3,6,2
233845745,sergejhorvat/TensorFlow-Data-and-Deployment-Specialization,https://api.github.com/repos/sergejhorvat/TensorFlow-Data-and-Deployment-Specialization,18,36,FALSE,113,0,0,2
131853858,alxcnwy/Deep-Neural-Networks-for-Video-Classification,https://api.github.com/repos/alxcnwy/Deep-Neural-Networks-for-Video-Classification,29,13,FALSE,111,3,0,2
61890529,titu1994/Image-Super-Resolution,https://api.github.com/repos/titu1994/Image-Super-Resolution,763,269,FALSE,109,16,27,2
245710999,AprendizajeProfundo/Ciencia-de-Datos,https://api.github.com/repos/AprendizajeProfundo/Ciencia-de-Datos,14,27,FALSE,109,0,0,2
122286624,susantabiswas/facial-login-web,https://api.github.com/repos/susantabiswas/facial-login-web,17,12,FALSE,107,3,6,2
240615607,labteral/ernie,https://api.github.com/repos/labteral/ernie,186,23,FALSE,106,3,11,2
201507148,marcogdepinto/Deep-learning-model-deploy-with-django,https://api.github.com/repos/marcogdepinto/Deep-learning-model-deploy-with-django,67,29,FALSE,105,1,3,2
196055892,ADGEfficiency/teaching-monolith,https://api.github.com/repos/ADGEfficiency/teaching-monolith,130,29,FALSE,104,0,1,2
101108109,MaxStrange/AudioSegment,https://api.github.com/repos/MaxStrange/AudioSegment,72,10,FALSE,104,1,4,2
292645276,MarsTechHAN/keras2ncnn,https://api.github.com/repos/MarsTechHAN/keras2ncnn,70,12,FALSE,102,13,34,2
324327175,y33-j3T/Coursera-Deep-Learning,https://api.github.com/repos/y33-j3T/Coursera-Deep-Learning,102,127,FALSE,101,3,0,2
