repo_full_name,commit_url,commit_html_url
huggingface/transformers,https://api.github.com/repos/huggingface/transformers/commits/e5fc98c542af436dd079b0c0f2b2dcac1a89594f,https://github.com/huggingface/transformers/commit/e5fc98c542af436dd079b0c0f2b2dcac1a89594f
tensorflow/models,https://api.github.com/repos/tensorflow/models/commits/0e621bb8fd4be79dffd7a2c9542bd0141098d99e,https://github.com/tensorflow/models/commit/0e621bb8fd4be79dffd7a2c9542bd0141098d99e
ultralytics/yolov5,https://api.github.com/repos/ultralytics/yolov5/commits/22fb2b0c25e6f60f95e6ef5d8588e586bdbc06f7,https://github.com/ultralytics/yolov5/commit/22fb2b0c25e6f60f95e6ef5d8588e586bdbc06f7
broadinstitute/gatk,https://api.github.com/repos/broadinstitute/gatk/commits/6f203923a029a0f6d4a90beb31b784ef566aba2a,https://github.com/broadinstitute/gatk/commit/6f203923a029a0f6d4a90beb31b784ef566aba2a
tensorflow/tfjs,https://api.github.com/repos/tensorflow/tfjs/commits/16377afda2cd23aa905836e818c8105465c2a7c8,https://github.com/tensorflow/tfjs/commit/16377afda2cd23aa905836e818c8105465c2a7c8
microsoft/AirSim,https://api.github.com/repos/microsoft/AirSim/commits/e821d8733fbb17f211870879f5eaee71ff52ad98,https://github.com/microsoft/AirSim/commit/e821d8733fbb17f211870879f5eaee71ff52ad98
microsoft/onnxruntime,https://api.github.com/repos/microsoft/onnxruntime/commits/aa549cd194aa719bdb7231d1c766296b37e5bd91,https://github.com/microsoft/onnxruntime/commit/aa549cd194aa719bdb7231d1c766296b37e5bd91
kubeflow/pipelines,https://api.github.com/repos/kubeflow/pipelines/commits/36dc8686ce669ed5bbd19c52fe60a12d5cc89c9c,https://github.com/kubeflow/pipelines/commit/36dc8686ce669ed5bbd19c52fe60a12d5cc89c9c
apache/tvm,https://api.github.com/repos/apache/tvm/commits/cf0fc36107150e69da565078b949a218abe74c26,https://github.com/apache/tvm/commit/cf0fc36107150e69da565078b949a218abe74c26
SeldonIO/seldon-core,https://api.github.com/repos/SeldonIO/seldon-core/commits/8760068e08cbeb5146c9a53b9cfa9b12a457f424,https://github.com/SeldonIO/seldon-core/commit/8760068e08cbeb5146c9a53b9cfa9b12a457f424
streamlit/streamlit,https://api.github.com/repos/streamlit/streamlit/commits/a18fdda884968caec14746e1d2fbe5266df495ee,https://github.com/streamlit/streamlit/commit/a18fdda884968caec14746e1d2fbe5266df495ee
ultralytics/yolov3,https://api.github.com/repos/ultralytics/yolov3/commits/3a71daf4bc2ecbb14c26842714f404dbed15fb24,https://github.com/ultralytics/yolov3/commit/3a71daf4bc2ecbb14c26842714f404dbed15fb24
dask/distributed,https://api.github.com/repos/dask/distributed/commits/92bafbc131ff6f23b429092a80f5bd756b6a7376,https://github.com/dask/distributed/commit/92bafbc131ff6f23b429092a80f5bd756b6a7376
horovod/horovod,https://api.github.com/repos/horovod/horovod/commits/ce2a348e5e06a4993134e0cfaaa5a74407eb6853,https://github.com/horovod/horovod/commit/ce2a348e5e06a4993134e0cfaaa5a74407eb6853
tensorpack/tensorpack,https://api.github.com/repos/tensorpack/tensorpack/commits/08821b558ba7daef65597b52b6aadb69e61dde30,https://github.com/tensorpack/tensorpack/commit/08821b558ba7daef65597b52b6aadb69e61dde30
hankcs/HanLP,https://api.github.com/repos/hankcs/HanLP/commits/6defd796253a08a3593e355060937a6136b903ff,https://github.com/hankcs/HanLP/commit/6defd796253a08a3593e355060937a6136b903ff
apple/turicreate,https://api.github.com/repos/apple/turicreate/commits/3833a2ebcab4d51df63e14bcb942bb5952ca9655,https://github.com/apple/turicreate/commit/3833a2ebcab4d51df63e14bcb942bb5952ca9655
NVIDIA/TensorRT,https://api.github.com/repos/NVIDIA/TensorRT/commits/a8f85707636f1f9b7d074616236f1e34ebc649dd,https://github.com/NVIDIA/TensorRT/commit/a8f85707636f1f9b7d074616236f1e34ebc649dd
microsoft/nni,https://api.github.com/repos/microsoft/nni/commits/cdee9c36909bb5e980fc560de8a088062f93b92a,https://github.com/microsoft/nni/commit/cdee9c36909bb5e980fc560de8a088062f93b92a
mlflow/mlflow,https://api.github.com/repos/mlflow/mlflow/commits/35a2bf640a8326ae30fab5211369bcb61298dd7d,https://github.com/mlflow/mlflow/commit/35a2bf640a8326ae30fab5211369bcb61298dd7d
tensorflow/tensorboard,https://api.github.com/repos/tensorflow/tensorboard/commits/263174bf809f5a0240544d692e13b89b97b4ef58,https://github.com/tensorflow/tensorboard/commit/263174bf809f5a0240544d692e13b89b97b4ef58
AllenInstitute/AllenSDK,https://api.github.com/repos/AllenInstitute/AllenSDK/commits/9d1bb4001abb30b1fbc6c385989ab07b255be1b8,https://github.com/AllenInstitute/AllenSDK/commit/9d1bb4001abb30b1fbc6c385989ab07b255be1b8
Nuitka/Nuitka,https://api.github.com/repos/Nuitka/Nuitka/commits/f4f1b60b2870336147d3d8049551e301051868f0,https://github.com/Nuitka/Nuitka/commit/f4f1b60b2870336147d3d8049551e301051868f0
deepchem/deepchem,https://api.github.com/repos/deepchem/deepchem/commits/f40abcbd782ff63b6e7201652bc3d07cfa09f5ac,https://github.com/deepchem/deepchem/commit/f40abcbd782ff63b6e7201652bc3d07cfa09f5ac
optuna/optuna,https://api.github.com/repos/optuna/optuna/commits/8de4d5eab78ca82a1c433df9fb3da7fa8cc7d781,https://github.com/optuna/optuna/commit/8de4d5eab78ca82a1c433df9fb3da7fa8cc7d781
NVIDIA/DALI,https://api.github.com/repos/NVIDIA/DALI/commits/8ae56c5aed660426374cd0a518d948e76f5e64de,https://github.com/NVIDIA/DALI/commit/8ae56c5aed660426374cd0a518d948e76f5e64de
rstudio/keras,https://api.github.com/repos/rstudio/keras/commits/0d4018c45d3b381bcd5879987563e0982427147a,https://github.com/rstudio/keras/commit/0d4018c45d3b381bcd5879987563e0982427147a
intel-analytics/analytics-zoo,https://api.github.com/repos/intel-analytics/analytics-zoo/commits/4c0fdaefe0c28398c02f29d7e9f4ad8aaec98f1d,https://github.com/intel-analytics/analytics-zoo/commit/4c0fdaefe0c28398c02f29d7e9f4ad8aaec98f1d
intel-analytics/BigDL,https://api.github.com/repos/intel-analytics/BigDL/commits/936a090a7ca1d9078c8fbbde47c64f91827b8176,https://github.com/intel-analytics/BigDL/commit/936a090a7ca1d9078c8fbbde47c64f91827b8176
matterport/Mask_RCNN,https://api.github.com/repos/matterport/Mask_RCNN/commits/a51a157fc7528151d098408ae9013e946b780d56,https://github.com/matterport/Mask_RCNN/commit/a51a157fc7528151d098408ae9013e946b780d56
sql-machine-learning/sqlflow,https://api.github.com/repos/sql-machine-learning/sqlflow/commits/c819206a10c13636f443ead9727a222fcc0990c1,https://github.com/sql-machine-learning/sqlflow/commit/c819206a10c13636f443ead9727a222fcc0990c1
fetchai/agents-aea,https://api.github.com/repos/fetchai/agents-aea/commits/923ff8321a99f42b97a79f214b362e08d9c1e85e,https://github.com/fetchai/agents-aea/commit/923ff8321a99f42b97a79f214b362e08d9c1e85e
stellargraph/stellargraph,https://api.github.com/repos/stellargraph/stellargraph/commits/fa504b8a852325c2c575336cf0761aa69c6a8a3a,https://github.com/stellargraph/stellargraph/commit/fa504b8a852325c2c575336cf0761aa69c6a8a3a
keras-team/autokeras,https://api.github.com/repos/keras-team/autokeras/commits/9612c15087ac36e0405ab5d606acf36c32d805ad,https://github.com/keras-team/autokeras/commit/9612c15087ac36e0405ab5d606acf36c32d805ad
FederatedAI/FATE,https://api.github.com/repos/FederatedAI/FATE/commits/79901356ec1ce3bfc90f28d6fda775138f4fe96e,https://github.com/FederatedAI/FATE/commit/79901356ec1ce3bfc90f28d6fda775138f4fe96e
deepfakes/faceswap,https://api.github.com/repos/deepfakes/faceswap/commits/16cfc4a0427c16c10dad2d3bfbd05a7302b1aded,https://github.com/deepfakes/faceswap/commit/16cfc4a0427c16c10dad2d3bfbd05a7302b1aded
tensorflow/addons,https://api.github.com/repos/tensorflow/addons/commits/e2788525b51f2eb14c0b6aa50f93cbf1238874c5,https://github.com/tensorflow/addons/commit/e2788525b51f2eb14c0b6aa50f93cbf1238874c5
TadasBaltrusaitis/OpenFace,https://api.github.com/repos/TadasBaltrusaitis/OpenFace/commits/8ded025baf34f43d543288aadca2155ebda71c81,https://github.com/TadasBaltrusaitis/OpenFace/commit/8ded025baf34f43d543288aadca2155ebda71c81
onnx/tensorflow-onnx,https://api.github.com/repos/onnx/tensorflow-onnx/commits/61ead1e8234696f517b89b27d493fbedaa5efedf,https://github.com/onnx/tensorflow-onnx/commit/61ead1e8234696f517b89b27d493fbedaa5efedf
tensorflow/probability,https://api.github.com/repos/tensorflow/probability/commits/515fbb18edab9c89e06a0fbb7e5e03d90f275020,https://github.com/tensorflow/probability/commit/515fbb18edab9c89e06a0fbb7e5e03d90f275020
vaexio/vaex,https://api.github.com/repos/vaexio/vaex/commits/7c9dd70d50c8b5c6bb4dfa2fe85bfbde58fa486d,https://github.com/vaexio/vaex/commit/7c9dd70d50c8b5c6bb4dfa2fe85bfbde58fa486d
idaholab/raven,https://api.github.com/repos/idaholab/raven/commits/9aac41ae862162a11679cb333dffd16ff9110302,https://github.com/idaholab/raven/commit/9aac41ae862162a11679cb333dffd16ff9110302
XiaoMi/mace,https://api.github.com/repos/XiaoMi/mace/commits/72ef73a560cf90647c690fec11833bf5e3121d33,https://github.com/XiaoMi/mace/commit/72ef73a560cf90647c690fec11833bf5e3121d33
mozilla/bugbug,https://api.github.com/repos/mozilla/bugbug/commits/7dee06e72421b9b576ad8e1280ecdbf82f11f86a,https://github.com/mozilla/bugbug/commit/7dee06e72421b9b576ad8e1280ecdbf82f11f86a
slundberg/shap,https://api.github.com/repos/slundberg/shap/commits/c46cd77792503dc61a0025d126f8f7ef042e3be1,https://github.com/slundberg/shap/commit/c46cd77792503dc61a0025d126f8f7ef042e3be1
Trusted-AI/adversarial-robustness-toolbox,https://api.github.com/repos/Trusted-AI/adversarial-robustness-toolbox/commits/5fc9b0052b54e953a907895b0ecaf8f0174274a2,https://github.com/Trusted-AI/adversarial-robustness-toolbox/commit/5fc9b0052b54e953a907895b0ecaf8f0174274a2
apple/coremltools,https://api.github.com/repos/apple/coremltools/commits/a2f9cfbc5616b1a43a0e758742b7b75ecd40a864,https://github.com/apple/coremltools/commit/a2f9cfbc5616b1a43a0e758742b7b75ecd40a864
tqdm/tqdm,https://api.github.com/repos/tqdm/tqdm/commits/e6e4cebbc3536a06076960edeceb95e63e83589f,https://github.com/tqdm/tqdm/commit/e6e4cebbc3536a06076960edeceb95e63e83589f
microsoft/recommenders,https://api.github.com/repos/microsoft/recommenders/commits/9bafb0d1c7b90ba36e9c42a4207b8fba637fbef0,https://github.com/microsoft/recommenders/commit/9bafb0d1c7b90ba36e9c42a4207b8fba637fbef0
flatironinstitute/CaImAn,https://api.github.com/repos/flatironinstitute/CaImAn/commits/b4e5b0eb5ce3427f6987a5114de83a2520f46708,https://github.com/flatironinstitute/CaImAn/commit/b4e5b0eb5ce3427f6987a5114de83a2520f46708
tensorflow/tfx,https://api.github.com/repos/tensorflow/tfx/commits/42ed42d21c0e7572122e86e5595e8447a6a1a8b9,https://github.com/tensorflow/tfx/commit/42ed42d21c0e7572122e86e5595e8447a6a1a8b9
NVIDIA/DeepLearningExamples,https://api.github.com/repos/NVIDIA/DeepLearningExamples/commits/6d2357a9b806ecb8db21985dbc4fa77b5d69eef9,https://github.com/NVIDIA/DeepLearningExamples/commit/6d2357a9b806ecb8db21985dbc4fa77b5d69eef9
NVIDIA-Merlin/NVTabular,https://api.github.com/repos/NVIDIA-Merlin/NVTabular/commits/a545610e74d6aa761283fe9bebecfef7dccd0eb8,https://github.com/NVIDIA-Merlin/NVTabular/commit/a545610e74d6aa761283fe9bebecfef7dccd0eb8
NTMC-Community/MatchZoo,https://api.github.com/repos/NTMC-Community/MatchZoo/commits/a26a1d48f0c54d6da2446de8863f26dabd9e8b11,https://github.com/NTMC-Community/MatchZoo/commit/a26a1d48f0c54d6da2446de8863f26dabd9e8b11
OlafenwaMoses/ImageAI,https://api.github.com/repos/OlafenwaMoses/ImageAI/commits/f61a4b56eca68da26a202f0983df2202e0d1220d,https://github.com/OlafenwaMoses/ImageAI/commit/f61a4b56eca68da26a202f0983df2202e0d1220d
cleverhans-lab/cleverhans,https://api.github.com/repos/cleverhans-lab/cleverhans/commits/7834e9b23c7b8ae4e3a5a57d8dc72c61c250a912,https://github.com/cleverhans-lab/cleverhans/commit/7834e9b23c7b8ae4e3a5a57d8dc72c61c250a912
tensorflow/agents,https://api.github.com/repos/tensorflow/agents/commits/ab8c64e575598b6f03d38a37de17a5fcbe5863f8,https://github.com/tensorflow/agents/commit/ab8c64e575598b6f03d38a37de17a5fcbe5863f8
amaiya/ktrain,https://api.github.com/repos/amaiya/ktrain/commits/00a0258856609fa7b2c2a8c6147fbc64ef985392,https://github.com/amaiya/ktrain/commit/00a0258856609fa7b2c2a8c6147fbc64ef985392
kubeflow/examples,https://api.github.com/repos/kubeflow/examples/commits/1be7ccb1425131867a1efdbe6ed147201013813b,https://github.com/kubeflow/examples/commit/1be7ccb1425131867a1efdbe6ed147201013813b
quic/aimet,https://api.github.com/repos/quic/aimet/commits/0b3f4de958ed7cde22d6d599a6e9a842f81c8942,https://github.com/quic/aimet/commit/0b3f4de958ed7cde22d6d599a6e9a842f81c8942
equinor/gordo,https://api.github.com/repos/equinor/gordo/commits/27cf7a8beda10318a735e146fe620a5a007016e7,https://github.com/equinor/gordo/commit/27cf7a8beda10318a735e146fe620a5a007016e7
dpinney/omf,https://api.github.com/repos/dpinney/omf/commits/28fb94ba0db4c98aedbe6ac2f64b9fb8e65ece84,https://github.com/dpinney/omf/commit/28fb94ba0db4c98aedbe6ac2f64b9fb8e65ece84
yahoo/TensorFlowOnSpark,https://api.github.com/repos/yahoo/TensorFlowOnSpark/commits/e4354ef796013d86b0ffdf337bc552482c8367e7,https://github.com/yahoo/TensorFlowOnSpark/commit/e4354ef796013d86b0ffdf337bc552482c8367e7
BrikerMan/Kashgari,https://api.github.com/repos/BrikerMan/Kashgari/commits/f7fb43d2f3651fbba92eb6e5cee8bfd279b0317a,https://github.com/BrikerMan/Kashgari/commit/f7fb43d2f3651fbba92eb6e5cee8bfd279b0317a
plaidml/plaidml,https://api.github.com/repos/plaidml/plaidml/commits/7454b444edf9d5d6ca48acf5a10ead85bcc51813,https://github.com/plaidml/plaidml/commit/7454b444edf9d5d6ca48acf5a10ead85bcc51813
allegroai/clearml,https://api.github.com/repos/allegroai/clearml/commits/a77b470500a9d360586e9159725c80915aae5412,https://github.com/allegroai/clearml/commit/a77b470500a9d360586e9159725c80915aae5412
microsoft/MMdnn,https://api.github.com/repos/microsoft/MMdnn/commits/f9830dffcd12ff4b308bec820cd223c6807061fd,https://github.com/microsoft/MMdnn/commit/f9830dffcd12ff4b308bec820cd223c6807061fd
Xilinx/Vitis-AI,https://api.github.com/repos/Xilinx/Vitis-AI/commits/8effa381e6350a5ec75c534835622ea9f218471b,https://github.com/Xilinx/Vitis-AI/commit/8effa381e6350a5ec75c534835622ea9f218471b
ucbrise/clipper,https://api.github.com/repos/ucbrise/clipper/commits/b74d4a47a3c53d4d963a402545ec60e579312879,https://github.com/ucbrise/clipper/commit/b74d4a47a3c53d4d963a402545ec60e579312879
autorope/donkeycar,https://api.github.com/repos/autorope/donkeycar/commits/07df53aa612fba59320d1e29694d3961b29e29f1,https://github.com/autorope/donkeycar/commit/07df53aa612fba59320d1e29694d3961b29e29f1
aimacode/aima-python,https://api.github.com/repos/aimacode/aima-python/commits/c133b9813e4142aea847bce7fc26a2cee5fae779,https://github.com/aimacode/aima-python/commit/c133b9813e4142aea847bce7fc26a2cee5fae779
aws-samples/eks-workshop,https://api.github.com/repos/aws-samples/eks-workshop/commits/59ce2be50b4aa484670302fb5da23dc6b41f6841,https://github.com/aws-samples/eks-workshop/commit/59ce2be50b4aa484670302fb5da23dc6b41f6841
HealthRex/CDSS,https://api.github.com/repos/HealthRex/CDSS/commits/57842c1c85cb21782115b0f8394a00f48a0bc1da,https://github.com/HealthRex/CDSS/commit/57842c1c85cb21782115b0f8394a00f48a0bc1da
qubvel/segmentation_models,https://api.github.com/repos/qubvel/segmentation_models/commits/9dab90d20bc5e2cccd78b4b4d6156ec5c8c83257,https://github.com/qubvel/segmentation_models/commit/9dab90d20bc5e2cccd78b4b4d6156ec5c8c83257
probml/pyprobml,https://api.github.com/repos/probml/pyprobml/commits/16a84ef6dc89756eeb22059d125c36c8e4eadbd7,https://github.com/probml/pyprobml/commit/16a84ef6dc89756eeb22059d125c36c8e4eadbd7
ellisdg/3DUnetCNN,https://api.github.com/repos/ellisdg/3DUnetCNN/commits/01e4f355cbed797765967db9a8e735d51bf7a148,https://github.com/ellisdg/3DUnetCNN/commit/01e4f355cbed797765967db9a8e735d51bf7a148
kipoi/kipoi,https://api.github.com/repos/kipoi/kipoi/commits/ac4f551fdfaf70e33aa101c0c99e2bbc45c63832,https://github.com/kipoi/kipoi/commit/ac4f551fdfaf70e33aa101c0c99e2bbc45c63832
kristinbranson/APT,https://api.github.com/repos/kristinbranson/APT/commits/d23348d2f29003bd1d96f095605f424f51056995,https://github.com/kristinbranson/APT/commit/d23348d2f29003bd1d96f095605f424f51056995
ceccocats/tkDNN,https://api.github.com/repos/ceccocats/tkDNN/commits/289a97d06cd1e7ae35d56a33b1655e74fcd1b4b9,https://github.com/ceccocats/tkDNN/commit/289a97d06cd1e7ae35d56a33b1655e74fcd1b4b9
neurodata/ProgLearn,https://api.github.com/repos/neurodata/ProgLearn/commits/619d45df6d8343a5d69ea06f533122ba86563ff9,https://github.com/neurodata/ProgLearn/commit/619d45df6d8343a5d69ea06f533122ba86563ff9
tensorflow/federated,https://api.github.com/repos/tensorflow/federated/commits/2c4dc8d8e5de488ba3e32c7af8c1806c6fa7bd7b,https://github.com/tensorflow/federated/commit/2c4dc8d8e5de488ba3e32c7af8c1806c6fa7bd7b
keras-rl/keras-rl,https://api.github.com/repos/keras-rl/keras-rl/commits/4a51f06e6cc1f3fbfe7029568fa46548c85aad32,https://github.com/keras-rl/keras-rl/commit/4a51f06e6cc1f3fbfe7029568fa46548c85aad32
google-research/google-research,https://api.github.com/repos/google-research/google-research/commits/ef26e7738be880dc6b309bc89bd843fdf805ca62,https://github.com/google-research/google-research/commit/ef26e7738be880dc6b309bc89bd843fdf805ca62
ClimbsRocks/auto_ml,https://api.github.com/repos/ClimbsRocks/auto_ml/commits/1412dabe62d9444d8ee2b13d04b0a0cd2b84433a,https://github.com/ClimbsRocks/auto_ml/commit/1412dabe62d9444d8ee2b13d04b0a0cd2b84433a
GoogleCloudPlatform/cloudml-samples,https://api.github.com/repos/GoogleCloudPlatform/cloudml-samples/commits/3a259d7ff47c7bfb9da145fd7487d970368ab40b,https://github.com/GoogleCloudPlatform/cloudml-samples/commit/3a259d7ff47c7bfb9da145fd7487d970368ab40b
keras-team/keras-tuner,https://api.github.com/repos/keras-team/keras-tuner/commits/bb6c8405bfa49ea720f8a5542b1d9aeb1a512d01,https://github.com/keras-team/keras-tuner/commit/bb6c8405bfa49ea720f8a5542b1d9aeb1a512d01
tensorflow/tpu,https://api.github.com/repos/tensorflow/tpu/commits/d8fcc3fd2cd840a8f2e4e89f4fc317386127b1f6,https://github.com/tensorflow/tpu/commit/d8fcc3fd2cd840a8f2e4e89f4fc317386127b1f6
studioml/studio,https://api.github.com/repos/studioml/studio/commits/98c805e30f045e354a5f600ddbc3543a9e0b6460,https://github.com/studioml/studio/commit/98c805e30f045e354a5f600ddbc3543a9e0b6460
Calamari-OCR/calamari,https://api.github.com/repos/Calamari-OCR/calamari/commits/6ec678ed3ed404a2fec7b1f957c68ce57c0f374d,https://github.com/Calamari-OCR/calamari/commit/6ec678ed3ed404a2fec7b1f957c68ce57c0f374d
ray-project/ray,https://api.github.com/repos/ray-project/ray/commits/743f843524d055c6f358ebd0ceb803925d688cb3,https://github.com/ray-project/ray/commit/743f843524d055c6f358ebd0ceb803925d688cb3
explosion/spaCy,https://api.github.com/repos/explosion/spaCy/commits/057c21969bd3381bec1170f265622003e3ba20d3,https://github.com/explosion/spaCy/commit/057c21969bd3381bec1170f265622003e3ba20d3
open-mmlab/mmdetection,https://api.github.com/repos/open-mmlab/mmdetection/commits/678f9334b517134ed11e91f5ada7946fe2aba400,https://github.com/open-mmlab/mmdetection/commit/678f9334b517134ed11e91f5ada7946fe2aba400
OpenMined/PySyft,https://api.github.com/repos/OpenMined/PySyft/commits/28ca466878c2a1df797bb4b4c325a9c76fb35a23,https://github.com/OpenMined/PySyft/commit/28ca466878c2a1df797bb4b4c325a9c76fb35a23
facebookresearch/detectron2,https://api.github.com/repos/facebookresearch/detectron2/commits/555200fa414e7cd35ad35a00a3e98f0545f5832e,https://github.com/facebookresearch/detectron2/commit/555200fa414e7cd35ad35a00a3e98f0545f5832e
ApolloAuto/apollo,https://api.github.com/repos/ApolloAuto/apollo/commits/39f764951917078b70ec532b36b6baaea7e764e1,https://github.com/ApolloAuto/apollo/commit/39f764951917078b70ec532b36b6baaea7e764e1
Unity-Technologies/ml-agents,https://api.github.com/repos/Unity-Technologies/ml-agents/commits/ca6c7f4cbfbd23ebb07d7b663edbb75798f5001d,https://github.com/Unity-Technologies/ml-agents/commit/ca6c7f4cbfbd23ebb07d7b663edbb75798f5001d
allenai/allennlp,https://api.github.com/repos/allenai/allennlp/commits/0a8f54f7d50e7dfb2b13b367e8cec4b6ddccda69,https://github.com/allenai/allennlp/commit/0a8f54f7d50e7dfb2b13b367e8cec4b6ddccda69
isl-org/Open3D,https://api.github.com/repos/isl-org/Open3D/commits/d3b3258f2402e7fa56a190e31197a99722e7cba1,https://github.com/isl-org/Open3D/commit/d3b3258f2402e7fa56a190e31197a99722e7cba1
microsoft/pai,https://api.github.com/repos/microsoft/pai/commits/c03e6369e4f159fe27c6b91de0f53416ad0cf5bb,https://github.com/microsoft/pai/commit/c03e6369e4f159fe27c6b91de0f53416ad0cf5bb
flairNLP/flair,https://api.github.com/repos/flairNLP/flair/commits/fbafc5fcca96bb3fd0bb4341ad2b0a8c2a7d08ee,https://github.com/flairNLP/flair/commit/fbafc5fcca96bb3fd0bb4341ad2b0a8c2a7d08ee
pytorch/vision,https://api.github.com/repos/pytorch/vision/commits/00ce2d0f416bd3a3ec2aa65a6bb609f24c1b4c0c,https://github.com/pytorch/vision/commit/00ce2d0f416bd3a3ec2aa65a6bb609f24c1b4c0c
pyg-team/pytorch_geometric,https://api.github.com/repos/pyg-team/pytorch_geometric/commits/647580b3da745899695341fcbca2ec69eb4df8ef,https://github.com/pyg-team/pytorch_geometric/commit/647580b3da745899695341fcbca2ec69eb4df8ef
kaldi-asr/kaldi,https://api.github.com/repos/kaldi-asr/kaldi/commits/5d67041f7dbd9b448217ac8a4191e942d9341b88,https://github.com/kaldi-asr/kaldi/commit/5d67041f7dbd9b448217ac8a4191e942d9341b88
espnet/espnet,https://api.github.com/repos/espnet/espnet/commits/f768155982b1ed2c82976cd3a75209739ee3ca31,https://github.com/espnet/espnet/commit/f768155982b1ed2c82976cd3a75209739ee3ca31
halide/Halide,https://api.github.com/repos/halide/Halide/commits/3d3f0c9723d8077b9af59a11e55cd3f6fb681c1f,https://github.com/halide/Halide/commit/3d3f0c9723d8077b9af59a11e55cd3f6fb681c1f
Project-MONAI/MONAI,https://api.github.com/repos/Project-MONAI/MONAI/commits/39fd98264d861b6a2076e911fe8635e1d9590ac7,https://github.com/Project-MONAI/MONAI/commit/39fd98264d861b6a2076e911fe8635e1d9590ac7
PaddlePaddle/models,https://api.github.com/repos/PaddlePaddle/models/commits/f6d820ed41d16ce266757d8dbacb408e6b95af64,https://github.com/PaddlePaddle/models/commit/f6d820ed41d16ce266757d8dbacb408e6b95af64
OpenNMT/OpenNMT-py,https://api.github.com/repos/OpenNMT/OpenNMT-py/commits/d5a75ba09ae0595ca284fd806475eb8d3f771387,https://github.com/OpenNMT/OpenNMT-py/commit/d5a75ba09ae0595ca284fd806475eb8d3f771387
facebookresearch/ParlAI,https://api.github.com/repos/facebookresearch/ParlAI/commits/53b400e1df5a0f9e6f0c558a7f33f82bb2c9a292,https://github.com/facebookresearch/ParlAI/commit/53b400e1df5a0f9e6f0c558a7f33f82bb2c9a292
openvinotoolkit/openvino,https://api.github.com/repos/openvinotoolkit/openvino/commits/5c2eb059909aead9a257c0b39e4ba48ce376fd1c,https://github.com/openvinotoolkit/openvino/commit/5c2eb059909aead9a257c0b39e4ba48ce376fd1c
dmlc/dgl,https://api.github.com/repos/dmlc/dgl/commits/61fa3c6cf5441e6dd34e3d51e5f519308e5a1baf,https://github.com/dmlc/dgl/commit/61fa3c6cf5441e6dd34e3d51e5f519308e5a1baf
deepset-ai/haystack,https://api.github.com/repos/deepset-ai/haystack/commits/cab0932fabbfd3ad0cd497a7504f11f7beb0ee45,https://github.com/deepset-ai/haystack/commit/cab0932fabbfd3ad0cd497a7504f11f7beb0ee45
snorkel-team/snorkel,https://api.github.com/repos/snorkel-team/snorkel/commits/ca12d9303d67fa7f9b78cdc3d05548a6af4a36c5,https://github.com/snorkel-team/snorkel/commit/ca12d9303d67fa7f9b78cdc3d05548a6af4a36c5
NVIDIA/NeMo,https://api.github.com/repos/NVIDIA/NeMo/commits/ba547774b9745d72de832265ddd86f9e70dddfee,https://github.com/NVIDIA/NeMo/commit/ba547774b9745d72de832265ddd86f9e70dddfee
ThilinaRajapakse/simpletransformers,https://api.github.com/repos/ThilinaRajapakse/simpletransformers/commits/c7d53b3217364996e8d71f217c4c93a6ac45ae9d,https://github.com/ThilinaRajapakse/simpletransformers/commit/c7d53b3217364996e8d71f217c4c93a6ac45ae9d
huggingface/datasets,https://api.github.com/repos/huggingface/datasets/commits/9c40180066d4f334d48d3586e3394de1d3d4d897,https://github.com/huggingface/datasets/commit/9c40180066d4f334d48d3586e3394de1d3d4d897
pytorch/ignite,https://api.github.com/repos/pytorch/ignite/commits/6d58cc358d6085a38d9ed1e48853ec7afe4d489a,https://github.com/pytorch/ignite/commit/6d58cc358d6085a38d9ed1e48853ec7afe4d489a
junyanz/pytorch-CycleGAN-and-pix2pix,https://api.github.com/repos/junyanz/pytorch-CycleGAN-and-pix2pix/commits/b77d9b593c9fa3b0db4e5e2a77c23777abac57ce,https://github.com/junyanz/pytorch-CycleGAN-and-pix2pix/commit/b77d9b593c9fa3b0db4e5e2a77c23777abac57ce
pytorch/xla,https://api.github.com/repos/pytorch/xla/commits/c91e872175440835c4b57bb5bc43a724a66525c5,https://github.com/pytorch/xla/commit/c91e872175440835c4b57bb5bc43a724a66525c5
facebookresearch/pytorch3d,https://api.github.com/repos/facebookresearch/pytorch3d/commits/e37085d9990bf94c7fcee6a9df5dc8db35391608,https://github.com/facebookresearch/pytorch3d/commit/e37085d9990bf94c7fcee6a9df5dc8db35391608
deepinsight/insightface,https://api.github.com/repos/deepinsight/insightface/commits/7770ca74f65b9b72fc3c6a39139fbf2a91143031,https://github.com/deepinsight/insightface/commit/7770ca74f65b9b72fc3c6a39139fbf2a91143031
mars-project/mars,https://api.github.com/repos/mars-project/mars/commits/f0c695934c6f472f78c09fc46a23f383f050a2f9,https://github.com/mars-project/mars/commit/f0c695934c6f472f78c09fc46a23f383f050a2f9
CorentinJ/Real-Time-Voice-Cloning,https://api.github.com/repos/CorentinJ/Real-Time-Voice-Cloning/commits/b72398f5c78249c7646992319bbcc0c7616f688b,https://github.com/CorentinJ/Real-Time-Voice-Cloning/commit/b72398f5c78249c7646992319bbcc0c7616f688b
cornellius-gp/gpytorch,https://api.github.com/repos/cornellius-gp/gpytorch/commits/f5735faec062a3273d943368a848ba61b22fa6c6,https://github.com/cornellius-gp/gpytorch/commit/f5735faec062a3273d943368a848ba61b22fa6c6
rlworkgroup/garage,https://api.github.com/repos/rlworkgroup/garage/commits/2e5529524e9f838e9f82f8238313557217c67f6b,https://github.com/rlworkgroup/garage/commit/2e5529524e9f838e9f82f8238313557217c67f6b
dmlc/gluon-cv,https://api.github.com/repos/dmlc/gluon-cv/commits/fc3cea17d2a8caaded3319dca1b1ae46468a57c0,https://github.com/dmlc/gluon-cv/commit/fc3cea17d2a8caaded3319dca1b1ae46468a57c0
pyro-ppl/pyro,https://api.github.com/repos/pyro-ppl/pyro/commits/3f904b39f061260d2589919318f6a40047d400a1,https://github.com/pyro-ppl/pyro/commit/3f904b39f061260d2589919318f6a40047d400a1
sql-machine-learning/elasticdl,https://api.github.com/repos/sql-machine-learning/elasticdl/commits/6a80e05eae64756fbbc90ba8ccd526711097024b,https://github.com/sql-machine-learning/elasticdl/commit/6a80e05eae64756fbbc90ba8ccd526711097024b
MIC-DKFZ/nnUNet,https://api.github.com/repos/MIC-DKFZ/nnUNet/commits/f8f62880aa4d11ecae407ba0a673c0547524cf5f,https://github.com/MIC-DKFZ/nnUNet/commit/f8f62880aa4d11ecae407ba0a673c0547524cf5f
apache/arrow,https://api.github.com/repos/apache/arrow/commits/89c6afd2026cab21fbe2b3c81f14335dffde6d08,https://github.com/apache/arrow/commit/89c6afd2026cab21fbe2b3c81f14335dffde6d08
open-mmlab/mmsegmentation,https://api.github.com/repos/open-mmlab/mmsegmentation/commits/d9484068ce4191f222c84d3821b7b6b2c3c0782e,https://github.com/open-mmlab/mmsegmentation/commit/d9484068ce4191f222c84d3821b7b6b2c3c0782e
odlgroup/odl,https://api.github.com/repos/odlgroup/odl/commits/218f68e7120b9adfdf2b43d28392cca657f423b3,https://github.com/odlgroup/odl/commit/218f68e7120b9adfdf2b43d28392cca657f423b3
aws/amazon-sagemaker-examples,https://api.github.com/repos/aws/amazon-sagemaker-examples/commits/b5735b2d230cb2e49c9dc1dc916d01c33d9fe815,https://github.com/aws/amazon-sagemaker-examples/commit/b5735b2d230cb2e49c9dc1dc916d01c33d9fe815
pytorch/serve,https://api.github.com/repos/pytorch/serve/commits/c776aed0036c07674da9e4ca02b58e4df532b21e,https://github.com/pytorch/serve/commit/c776aed0036c07674da9e4ca02b58e4df532b21e
clab/dynet,https://api.github.com/repos/clab/dynet/commits/f28fa295cf1befdf232df4f00c9baa98811c5b72,https://github.com/clab/dynet/commit/f28fa295cf1befdf232df4f00c9baa98811c5b72
aws/sagemaker-python-sdk,https://api.github.com/repos/aws/sagemaker-python-sdk/commits/c8fa80b0f0ebd700c3cbe1c827107dea0526e329,https://github.com/aws/sagemaker-python-sdk/commit/c8fa80b0f0ebd700c3cbe1c827107dea0526e329
UKPLab/sentence-transformers,https://api.github.com/repos/UKPLab/sentence-transformers/commits/2ad367924f5beb17ddef80247ee7535c5633f02d,https://github.com/UKPLab/sentence-transformers/commit/2ad367924f5beb17ddef80247ee7535c5633f02d
open-mmlab/mmaction2,https://api.github.com/repos/open-mmlab/mmaction2/commits/46fc1ac30a107d788d7d0b5fcf8edde6032508e9,https://github.com/open-mmlab/mmaction2/commit/46fc1ac30a107d788d7d0b5fcf8edde6032508e9
EpistasisLab/tpot,https://api.github.com/repos/EpistasisLab/tpot/commits/6526d7a3f85c0d79b8a92f942886fb68facf7399,https://github.com/EpistasisLab/tpot/commit/6526d7a3f85c0d79b8a92f942886fb68facf7399
Megvii-BaseDetection/YOLOX,https://api.github.com/repos/Megvii-BaseDetection/YOLOX/commits/bae923467b8a06b11a4fd68e413ff238a0eebf94,https://github.com/Megvii-BaseDetection/YOLOX/commit/bae923467b8a06b11a4fd68e413ff238a0eebf94
open-mmlab/mmdetection3d,https://api.github.com/repos/open-mmlab/mmdetection3d/commits/9466dff7851b41e24572f216f27d64937838114b,https://github.com/open-mmlab/mmdetection3d/commit/9466dff7851b41e24572f216f27d64937838114b
schrum2/MM-NEAT,https://api.github.com/repos/schrum2/MM-NEAT/commits/834404f05144da492ad68caa00ea7cf0009c4849,https://github.com/schrum2/MM-NEAT/commit/834404f05144da492ad68caa00ea7cf0009c4849
stanfordnlp/stanza,https://api.github.com/repos/stanfordnlp/stanza/commits/f5e0d8c514c87b927713425a5d491a02acd77bbc,https://github.com/stanfordnlp/stanza/commit/f5e0d8c514c87b927713425a5d491a02acd77bbc
root-project/root,https://api.github.com/repos/root-project/root/commits/3a0c0d52ecdf24e95d63a7be826c4bda71b43937,https://github.com/root-project/root/commit/3a0c0d52ecdf24e95d63a7be826c4bda71b43937
JDAI-CV/fast-reid,https://api.github.com/repos/JDAI-CV/fast-reid/commits/29630d12909c874917b36b89f0b7b52661ae38f3,https://github.com/JDAI-CV/fast-reid/commit/29630d12909c874917b36b89f0b7b52661ae38f3
azavea/raster-vision,https://api.github.com/repos/azavea/raster-vision/commits/ba4847a7ae1025f7e9cb22913f1087ee89ba2806,https://github.com/azavea/raster-vision/commit/ba4847a7ae1025f7e9cb22913f1087ee89ba2806
open-mmlab/mmcv,https://api.github.com/repos/open-mmlab/mmcv/commits/cbcb90dc211481596b7c44aacf31187481458c31,https://github.com/open-mmlab/mmcv/commit/cbcb90dc211481596b7c44aacf31187481458c31
mozilla/TTS,https://api.github.com/repos/mozilla/TTS/commits/6385253d8c640b8f813214baa2035c92380191f8,https://github.com/mozilla/TTS/commit/6385253d8c640b8f813214baa2035c92380191f8
DLR-RM/stable-baselines3,https://api.github.com/repos/DLR-RM/stable-baselines3/commits/12431b0e9261359386551d9accbf782b197ae4dc,https://github.com/DLR-RM/stable-baselines3/commit/12431b0e9261359386551d9accbf782b197ae4dc
bentoml/BentoML,https://api.github.com/repos/bentoml/BentoML/commits/616e89418407a6e8cf38f476582cee9302676ca1,https://github.com/bentoml/BentoML/commit/616e89418407a6e8cf38f476582cee9302676ca1
ludwig-ai/ludwig,https://api.github.com/repos/ludwig-ai/ludwig/commits/d3f6de0b10faff6a504c3e42e0fb4da6d50f879f,https://github.com/ludwig-ai/ludwig/commit/d3f6de0b10faff6a504c3e42e0fb4da6d50f879f
pymor/pymor,https://api.github.com/repos/pymor/pymor/commits/85794f502ebec3cc0ab0e3994969a2d63b088048,https://github.com/pymor/pymor/commit/85794f502ebec3cc0ab0e3994969a2d63b088048
nyu-mll/jiant,https://api.github.com/repos/nyu-mll/jiant/commits/1a3248ab1989628d582671dc33169ffc5b115838,https://github.com/nyu-mll/jiant/commit/1a3248ab1989628d582671dc33169ffc5b115838
open-mmlab/OpenPCDet,https://api.github.com/repos/open-mmlab/OpenPCDet/commits/635f1e94e855d7832363ecdb2ed70affe487608a,https://github.com/open-mmlab/OpenPCDet/commit/635f1e94e855d7832363ecdb2ed70affe487608a
speechbrain/speechbrain,https://api.github.com/repos/speechbrain/speechbrain/commits/9f3f22111df55627eb7286aa6cf26af9bcf502fb,https://github.com/speechbrain/speechbrain/commit/9f3f22111df55627eb7286aa6cf26af9bcf502fb
PennyLaneAI/pennylane,https://api.github.com/repos/PennyLaneAI/pennylane/commits/9713e459f02106fe8005657df8bc4365fe94de23,https://github.com/PennyLaneAI/pennylane/commit/9713e459f02106fe8005657df8bc4365fe94de23
pytorch/audio,https://api.github.com/repos/pytorch/audio/commits/d02dff76c1e8fcfcff277a4ea0a65f9c8259605e,https://github.com/pytorch/audio/commit/d02dff76c1e8fcfcff277a4ea0a65f9c8259605e
zephyrproject-rtos/zephyr,https://api.github.com/repos/zephyrproject-rtos/zephyr/commits/5626788eb7950a38864f6f42e3826fb79b57c4bd,https://github.com/zephyrproject-rtos/zephyr/commit/5626788eb7950a38864f6f42e3826fb79b57c4bd
sympy/sympy,https://api.github.com/repos/sympy/sympy/commits/99b21ff58ad2e2ba83172512d7f513a7c37e50c3,https://github.com/sympy/sympy/commit/99b21ff58ad2e2ba83172512d7f513a7c37e50c3
opencv/opencv,https://api.github.com/repos/opencv/opencv/commits/d352db7ec4664f14520b8781686d886ca119c640,https://github.com/opencv/opencv/commit/d352db7ec4664f14520b8781686d886ca119c640
RasaHQ/rasa,https://api.github.com/repos/RasaHQ/rasa/commits/b656c18a80ee7fb7bf1c9d4c344ad27957d2a11d,https://github.com/RasaHQ/rasa/commit/b656c18a80ee7fb7bf1c9d4c344ad27957d2a11d
cms-sw/cmssw,https://api.github.com/repos/cms-sw/cmssw/commits/961501eebce20604082eafb1e726be64e4f409a4,https://github.com/cms-sw/cmssw/commit/961501eebce20604082eafb1e726be64e4f409a4
microsoft/CNTK,https://api.github.com/repos/microsoft/CNTK/commits/d1e14783b6c7f6beb7bc9c82b40ffe997bbd4741,https://github.com/microsoft/CNTK/commit/d1e14783b6c7f6beb7bc9c82b40ffe997bbd4741
pachyderm/pachyderm,https://api.github.com/repos/pachyderm/pachyderm/commits/b9dc34638bcced17555217eeda29c4cfa1e8b901,https://github.com/pachyderm/pachyderm/commit/b9dc34638bcced17555217eeda29c4cfa1e8b901
google/jax,https://api.github.com/repos/google/jax/commits/066ba2a6cfd705cb7bf6e064eae03724da41dc2d,https://github.com/google/jax/commit/066ba2a6cfd705cb7bf6e064eae03724da41dc2d
mozilla/DeepSpeech,https://api.github.com/repos/mozilla/DeepSpeech/commits/e5b88cd093deb16a7dff8309abc5c25c9781293c,https://github.com/mozilla/DeepSpeech/commit/e5b88cd093deb16a7dff8309abc5c25c9781293c
bulletphysics/bullet3,https://api.github.com/repos/bulletphysics/bullet3/commits/9105c3af5a4e1b2a2e3c819d615de0158126bc4a,https://github.com/bulletphysics/bullet3/commit/9105c3af5a4e1b2a2e3c819d615de0158126bc4a
triton-inference-server/server,https://api.github.com/repos/triton-inference-server/server/commits/3179aa06b3012aef749b63a1bd76a798be753e58,https://github.com/triton-inference-server/server/commit/3179aa06b3012aef749b63a1bd76a798be753e58
d2l-ai/d2l-vi,https://api.github.com/repos/d2l-ai/d2l-vi/commits/94b2be89379460425577794f7051fc39e0644a90,https://github.com/d2l-ai/d2l-vi/commit/94b2be89379460425577794f7051fc39e0644a90
DeepLabCut/DeepLabCut,https://api.github.com/repos/DeepLabCut/DeepLabCut/commits/afc2c504ddd03a4cd387384d4c0e36bd282751a7,https://github.com/DeepLabCut/DeepLabCut/commit/afc2c504ddd03a4cd387384d4c0e36bd282751a7
tensorflow/serving,https://api.github.com/repos/tensorflow/serving/commits/1ea182bf1eb480a2f3adb413113965248f0d329d,https://github.com/tensorflow/serving/commit/1ea182bf1eb480a2f3adb413113965248f0d329d
fizyr/keras-retinanet,https://api.github.com/repos/fizyr/keras-retinanet/commits/659821610c4b5998e2c11ee2d000cde49c08c9f5,https://github.com/fizyr/keras-retinanet/commit/659821610c4b5998e2c11ee2d000cde49c08c9f5
google/automl,https://api.github.com/repos/google/automl/commits/44553d4b4d6ca35f576df12339bfd53d4292dc94,https://github.com/google/automl/commit/44553d4b4d6ca35f576df12339bfd53d4292dc94
tensorflow/tensor2tensor,https://api.github.com/repos/tensorflow/tensor2tensor/commits/0d250b31234378f0687ee7e94db42202dab3a99d,https://github.com/tensorflow/tensor2tensor/commit/0d250b31234378f0687ee7e94db42202dab3a99d
tensorflow/hub,https://api.github.com/repos/tensorflow/hub/commits/a242013a87fd6c0f551a3b6f858623de55198b85,https://github.com/tensorflow/hub/commit/a242013a87fd6c0f551a3b6f858623de55198b85
GPflow/GPflow,https://api.github.com/repos/GPflow/GPflow/commits/2546cd8b659eeaeb4dbff07d4880b59a883596a0,https://github.com/GPflow/GPflow/commit/2546cd8b659eeaeb4dbff07d4880b59a883596a0
tensorflow/datasets,https://api.github.com/repos/tensorflow/datasets/commits/62e28742eb3fb5508c103b6fe150a5c151bf3f3b,https://github.com/tensorflow/datasets/commit/62e28742eb3fb5508c103b6fe150a5c151bf3f3b
davidsandberg/facenet,https://api.github.com/repos/davidsandberg/facenet/commits/461346c3d9cd68dd0730cdeb9b4802a307169575,https://github.com/davidsandberg/facenet/commit/461346c3d9cd68dd0730cdeb9b4802a307169575
TensorSpeech/TensorFlowTTS,https://api.github.com/repos/TensorSpeech/TensorFlowTTS/commits/be94cef239838f59098a1535d27bd2f904ac0647,https://github.com/TensorSpeech/TensorFlowTTS/commit/be94cef239838f59098a1535d27bd2f904ac0647
magenta/magenta,https://api.github.com/repos/magenta/magenta/commits/a2490ef5a47456145f7b2ca2eb13d036c1df7439,https://github.com/magenta/magenta/commit/a2490ef5a47456145f7b2ca2eb13d036c1df7439
kedro-org/kedro,https://api.github.com/repos/kedro-org/kedro/commits/10be501c6218059d22de016485b2343071cd5eef,https://github.com/kedro-org/kedro/commit/10be501c6218059d22de016485b2343071cd5eef
JohnSnowLabs/spark-nlp,https://api.github.com/repos/JohnSnowLabs/spark-nlp/commits/50710c2cdfc1471a76003b0e9d21a87d3cb8a3c2,https://github.com/JohnSnowLabs/spark-nlp/commit/50710c2cdfc1471a76003b0e9d21a87d3cb8a3c2
hacktoberfest17/programming,https://api.github.com/repos/hacktoberfest17/programming/commits/7a08b1b3dc575b977e1ecf6c1e718fda258a6014,https://github.com/hacktoberfest17/programming/commit/7a08b1b3dc575b977e1ecf6c1e718fda258a6014
pyro-ppl/numpyro,https://api.github.com/repos/pyro-ppl/numpyro/commits/75762c6f55085751a52cad0b174905295a28eb4d,https://github.com/pyro-ppl/numpyro/commit/75762c6f55085751a52cad0b174905295a28eb4d
tensorlayer/TensorLayer,https://api.github.com/repos/tensorlayer/TensorLayer/commits/bbdd55ae0cda876404ed2c256921d29e054a93a0,https://github.com/tensorlayer/TensorLayer/commit/bbdd55ae0cda876404ed2c256921d29e054a93a0
IDSIA/sacred,https://api.github.com/repos/IDSIA/sacred/commits/b9c07c3e3a67d2cdb52fdea75a983dc3a282ac67,https://github.com/IDSIA/sacred/commit/b9c07c3e3a67d2cdb52fdea75a983dc3a282ac67
twosixlabs/armory,https://api.github.com/repos/twosixlabs/armory/commits/1003fa2877d590d6b70a3ac373fde457da1aa54f,https://github.com/twosixlabs/armory/commit/1003fa2877d590d6b70a3ac373fde457da1aa54f
huawei-noah/SMARTS,https://api.github.com/repos/huawei-noah/SMARTS/commits/feee8fd8a1f0c10ab2aaf6f12acc8c9cc0f861af,https://github.com/huawei-noah/SMARTS/commit/feee8fd8a1f0c10ab2aaf6f12acc8c9cc0f861af
mlcommons/inference,https://api.github.com/repos/mlcommons/inference/commits/6d181d26af9ddfe968eecf7d5d94ef2609537bf3,https://github.com/mlcommons/inference/commit/6d181d26af9ddfe968eecf7d5d94ef2609537bf3
microsoft/DeepSpeed,https://api.github.com/repos/microsoft/DeepSpeed/commits/001abe2362d9edba062070fb05df40925f54cb3e,https://github.com/microsoft/DeepSpeed/commit/001abe2362d9edba062070fb05df40925f54cb3e
nnstreamer/nntrainer,https://api.github.com/repos/nnstreamer/nntrainer/commits/d2c0e39ed42125f32a3a32aecee8ce613538a8dd,https://github.com/nnstreamer/nntrainer/commit/d2c0e39ed42125f32a3a32aecee8ce613538a8dd
